Grizzles,2023-04-21 21:37:16,"RT @tipico: The #Grizzles tied up the series with the #Lakers with a 103-93 victory without Ja Morant.

Xavier Tillman stepped up with 22 P‚Ä¶",No location available.,0,0
Grizzles,2023-04-21 16:49:40,"RT @tipico: The #Grizzles tied up the series with the #Lakers with a 103-93 victory without Ja Morant.

Xavier Tillman stepped up with 22 P‚Ä¶",No location available.,0,0
Grizzles,2023-04-21 16:29:09,"RT @tipico: The #Grizzles tied up the series with the #Lakers with a 103-93 victory without Ja Morant.

Xavier Tillman stepped up with 22 P‚Ä¶",No location available.,0,0
Grizzles,2023-04-21 15:39:13,"RT @tipico: The #Grizzles tied up the series with the #Lakers with a 103-93 victory without Ja Morant.

Xavier Tillman stepped up with 22 P‚Ä¶",No location available.,0,0
Grizzles,2023-04-21 14:29:37,What will be the game of the night? #Cavs vs #Knicks  #Celtics vs #Hawks or #Lakers vs #GRIZZLES,No location available.,0,0
Grizzles,2023-04-21 14:20:22,"RT @tipico: The #Grizzles tied up the series with the #Lakers with a 103-93 victory without Ja Morant.

Xavier Tillman stepped up with 22 P‚Ä¶",No location available.,0,0
Grizzles,2023-04-21 06:18:27,"RT @tipico: The #Grizzles tied up the series with the #Lakers with a 103-93 victory without Ja Morant.

Xavier Tillman stepped up with 22 P‚Ä¶",No location available.,0,0
Grizzles,2023-04-21 04:59:30,"RT @tipico: The #Grizzles tied up the series with the #Lakers with a 103-93 victory without Ja Morant.

Xavier Tillman stepped up with 22 P‚Ä¶",No location available.,0,0
Grizzles,2023-04-21 03:50:25,"RT @tipico: The #Grizzles tied up the series with the #Lakers with a 103-93 victory without Ja Morant.

Xavier Tillman stepped up with 22 P‚Ä¶",No location available.,0,0
Grizzles,2023-04-21 02:59:37,"RT @tipico: The #Grizzles tied up the series with the #Lakers with a 103-93 victory without Ja Morant.

Xavier Tillman stepped up with 22 P‚Ä¶",No location available.,0,0
Grizzles,2023-04-21 01:59:24,"RT @tipico: The #Grizzles tied up the series with the #Lakers with a 103-93 victory without Ja Morant.

Xavier Tillman stepped up with 22 P‚Ä¶",No location available.,0,0
Grizzles,2023-04-21 01:24:12,"RT @tipico: The #Grizzles tied up the series with the #Lakers with a 103-93 victory without Ja Morant.

Xavier Tillman stepped up with 22 P‚Ä¶",No location available.,0,0
Grizzles,2023-04-21 00:45:26,"RT @tipico: The #Grizzles tied up the series with the #Lakers with a 103-93 victory without Ja Morant.

Xavier Tillman stepped up with 22 P‚Ä¶",No location available.,0,0
Grizzles,2023-04-20 22:45:18,"RT @tipico: The #Grizzles tied up the series with the #Lakers with a 103-93 victory without Ja Morant.

Xavier Tillman stepped up with 22 P‚Ä¶",No location available.,0,0
Grizzles,2023-04-20 22:01:32,The #Grizzles ain‚Äôt yo run of mill small market push over 50 wins and out in the 1st RD team been there done dat!,No location available.,0,1
Grizzles,2023-04-20 21:22:31,"RT @tipico: The #Grizzles tied up the series with the #Lakers with a 103-93 victory without Ja Morant.

Xavier Tillman stepped up with 22 P‚Ä¶",No location available.,0,0
Grizzles,2023-04-20 21:16:54,"RT @thecsvpodcast: Lakers vs Grizzles NBA Playoff Series Predictions | Courtside View Podcast  https://t.co/NQFBSgZiYN via @YouTube
#nbaüì∑ #‚Ä¶",No location available.,0,0
Grizzles,2023-04-20 21:16:17,"RT @tipico: The #Grizzles tied up the series with the #Lakers with a 103-93 victory without Ja Morant.

Xavier Tillman stepped up with 22 P‚Ä¶",No location available.,0,0
Grizzles,2023-04-20 21:00:02,Lakers vs Grizzles NBA Playoff Series Predictions | Courtside View Podcast  https://t.co/NQFBSgZiYN via @YouTube‚Ä¶ https://t.co/tq7tFlZtTH,No location available.,2,0
Grizzles,2023-04-20 19:54:40,"RT @tipico: The #Grizzles tied up the series with the #Lakers with a 103-93 victory without Ja Morant.

Xavier Tillman stepped up with 22 P‚Ä¶",No location available.,0,0
Grizzles,2023-04-20 18:28:21,"RT @tipico: The #Grizzles tied up the series with the #Lakers with a 103-93 victory without Ja Morant.

Xavier Tillman stepped up with 22 P‚Ä¶",No location available.,0,0
Grizzles,2023-04-20 17:53:50,"RT @tipico: The #Grizzles tied up the series with the #Lakers with a 103-93 victory without Ja Morant.

Xavier Tillman stepped up with 22 P‚Ä¶",No location available.,0,0
Grizzles,2023-04-20 17:53:38,"RT @tipico: The #Grizzles tied up the series with the #Lakers with a 103-93 victory without Ja Morant.

Xavier Tillman stepped up with 22 P‚Ä¶",No location available.,0,0
Grizzles,2023-04-20 16:30:07,@The_DocHolliday We appreciate ya mane It really takes away from the game to hear a good team battling injuries to‚Ä¶ https://t.co/KUw7dc8fGR,No location available.,0,1
Grizzles,2023-04-20 16:23:33,"RT @tipico: The #Grizzles tied up the series with the #Lakers with a 103-93 victory without Ja Morant.

Xavier Tillman stepped up with 22 P‚Ä¶",No location available.,0,0
Grizzles,2023-04-20 15:15:40,"RT @tipico: The #Grizzles tied up the series with the #Lakers with a 103-93 victory without Ja Morant.

Xavier Tillman stepped up with 22 P‚Ä¶",No location available.,0,0
Grizzles,2023-04-20 12:11:29,"RT @tipico: The #Grizzles tied up the series with the #Lakers with a 103-93 victory without Ja Morant.

Xavier Tillman stepped up with 22 P‚Ä¶",No location available.,0,0
Grizzles,2023-04-20 11:40:50,"RT @tipico: The #Grizzles tied up the series with the #Lakers with a 103-93 victory without Ja Morant.

Xavier Tillman stepped up with 22 P‚Ä¶",No location available.,0,0
Grizzles,2023-04-20 07:58:51,"RT @tipico: The #Grizzles tied up the series with the #Lakers with a 103-93 victory without Ja Morant.

Xavier Tillman stepped up with 22 P‚Ä¶",No location available.,0,0
Grizzles,2023-04-20 05:44:07,"RT @tipico: The #Grizzles tied up the series with the #Lakers with a 103-93 victory without Ja Morant.

Xavier Tillman stepped up with 22 P‚Ä¶",No location available.,0,0
Grizzles,2023-04-20 03:40:40,"RT @tipico: The #Grizzles tied up the series with the #Lakers with a 103-93 victory without Ja Morant.

Xavier Tillman stepped up with 22 P‚Ä¶",No location available.,0,0
Grizzles,2023-04-20 03:14:06,Wow the #LakeShow really lost the #BigMemphis without Ja Morant. Shame! #NBA #LALvsMEM #NBATwitter #NBATwitterLive #Lakers #Grizzles,No location available.,0,1
Grizzles,2023-04-20 02:46:12,"RT @tipico: The #Grizzles tied up the series with the #Lakers with a 103-93 victory without Ja Morant.

Xavier Tillman stepped up with 22 P‚Ä¶",No location available.,0,0
Grizzles,2023-04-20 02:36:27,"RT @tipico: The #Grizzles tied up the series with the #Lakers with a 103-93 victory without Ja Morant.

Xavier Tillman stepped up with 22 P‚Ä¶",No location available.,0,0
Grizzles,2023-04-20 02:22:37,"The #Grizzles tied up the series with the #Lakers with a 103-93 victory without Ja Morant.

Xavier Tillman stepped‚Ä¶ https://t.co/c3g4GuPTb6",No location available.,1223,0
Grizzles,2023-04-20 02:02:50,Let me get that W‚ÄºÔ∏è 1-1 ‚Äúit‚Äôs a parade inside my city yeah‚Äù #Grizzles #MrCheckTheTemperatureüå°,No location available.,2,0
Grizzles,2023-04-20 02:01:01,Don‚Äôt know why I hate #grizzles the most cockiest of players ever bc especially that dude and I swear I‚Äôve dislike‚Ä¶ https://t.co/pOU0ZFEezC,No location available.,0,-1
Grizzles,2023-04-20 01:57:45,The World Don‚Äôt Understand How Great Tyus Jones Is #LALVSMEM #GRIZZLES #NbaonTNT,No location available.,0,1
Grizzles,2023-04-20 01:00:01,"Wild #Wednesday #ESPN 
#NBA Watch -N- Win 2 Nite!

Jim Feist [ 3-1 L4 ]
#PBXperts [ 19-12 Ovall Yday ]‚Ä¶ https://t.co/7KzXqy13n1",No location available.,0,1
Grizzles,2023-04-20 00:49:13,LMFAO. #Grizzles are playing above their heads. We gonna see how long they gonna keep this up. Nothing is more dang‚Ä¶ https://t.co/lIJMNciKWb,No location available.,0,1
Grizzles,2023-04-19 22:33:18,"Breaking: Ja Morant is out for game 2, follow @ABC24Memphis and @ClaytonJCollier for more updates #NBAPlayoffs‚Ä¶ https://t.co/3fyPvChqgk",No location available.,0,0
Grizzles,2023-04-19 22:30:01,"Wild #Wednesday #ESPN 
#NBA Watch -N- Win 2 Nite!

Jim Feist [ 3-1 L4 ]
#PBXperts [ 19-12 Ovall Yday ]‚Ä¶ https://t.co/LGKPplBh6z",No location available.,1,1
Grizzles,2023-04-19 22:10:16,Is anyone else surprised Jaren Jackson Jr won DPOY? #dpoy #nba #memphisgrizzles #grizzles #NBAonTNT #espn #espn #abc #sports #podcast,No location available.,0,1
Grizzles,2023-04-19 20:00:30,"WEDNESDAY PLAY: 

Only play today‚Ä¶ 

- Grizz ML, 

Waiting until tip to get better odds if JA out, playing either w‚Ä¶ https://t.co/TQSa2th7U5",No location available.,1,1
Grizzles,2023-04-19 16:00:02,"Wild #Wednesday #ESPN 
#NBA Watch -N- Win 2 Nite!

Jim Feist [ 3-1 L4 ]
#PBXperts [ 19-12 Ovall Yday ]‚Ä¶ https://t.co/gt44IHE4Ne",No location available.,0,1
Grizzles,2023-04-19 15:09:03,Do you agree that the #Celtics ‚òòÔ∏è should be #NBA #Finals favorites? What are some other good values? #Suns? ‚òÄÔ∏è #Kings? üëë #Grizzles? üêª,No location available.,0,1
Grizzles,2023-04-19 00:02:12,"RT @thecsvpodcast: NBA Playoff Predictions - First Round | Courtside View Podcast  
https://t.co/wMCzXSaaie via @YouTube
#nbaüì∑ #basketball‚Ä¶",No location available.,0,0
Grizzles,2023-04-18 21:00:00,"NBA Playoff Predictions - First Round | Courtside View Podcast  
https://t.co/wMCzXSaaie via @YouTube
#nbaüì∑‚Ä¶ https://t.co/YXyQXpJx9W",No location available.,1,0
Grizzles,2023-04-18 04:47:45,"This #KINGS TEAM WAY MORE HUMBLE THAN 2022 #GRIZZLES #GSWVSSAC
@FTFonFS1 
@NBAonTNT 
@undisputed 
#nba",No location available.,0,0
Grizzles,2023-04-17 23:43:24,RT @GoatTalkPodcas: Jaren Jackson Jr. Wins the 2022-23 DPOY award #NBA #NBAPlayoffs #NBAPlayoffs2023 #Grizzles #MemphisGrizzlies https://t.‚Ä¶,No location available.,0,1
Grizzles,2023-04-17 23:42:36,Jaren Jackson Jr. Wins the 2022-23 DPOY award #NBA #NBAPlayoffs #NBAPlayoffs2023 #Grizzles #MemphisGrizzlies https://t.co/ZpEixhYWLV,No location available.,4,1
Grizzles,2023-04-17 20:53:53,"RT @blogaccess1on1: Injuries to NBA stars Giannis Antetokounmpo, and Ja Morant dim start of playoffs.

#nba #basketbal   #giannisantetokoun‚Ä¶",No location available.,0,0
Grizzles,2023-04-17 20:50:08,"RT @blogaccess1on1: Injuries to NBA stars Giannis Antetokounmpo, and Ja Morant dim start of playoffs.

#nba #basketbal   #giannisantetokoun‚Ä¶",No location available.,0,0
Grizzles,2023-04-17 20:35:17,"Injuries to NBA stars Giannis Antetokounmpo, and Ja Morant dim start of playoffs.

#nba #basketbal‚Ä¶ https://t.co/PNU1AaTHx0",No location available.,2,0
Grizzles,2023-04-17 13:40:32,"UPDATED ROUND ONE SERIES: 
#Lakers up 1-0 on the #Grizzles 
#Heat up 1-0 on the #Bucks
#Clippers up 1-0 on the‚Ä¶ https://t.co/yv49Wg2Rqn",No location available.,0,0
Grizzles,2023-04-16 21:36:58,@rui_8mura and Austin Reaves lead the @lakers with 52 combined points past the @memgrizz 128-112 as the question fo‚Ä¶ https://t.co/ccsB5kJmzG,No location available.,0,0
Grizzles,2023-04-16 21:34:02,What happened to the #Grizzles? #NBAPlayoffs https://t.co/COdJSe1b7u,No location available.,1,0
Grizzles,2023-04-16 21:33:55,"RT @StevenCRams: LOL it's like online 2k. Other team misses desperate shots towards the end, and you come back and dunk it at the other end‚Ä¶",No location available.,0,1
Grizzles,2023-04-16 21:33:24,"Hey Memphis, are you sure you wanted the Lakers?

#lakers #grizzles #LeBronJames #nba",No location available.,3,1
Grizzles,2023-04-16 21:31:40,Well if uThink #Grizzles was gon‚Äô beat #Lakers ‚Ä¶uKnow nothin‚Äô about üèÄ,No location available.,0,1
Grizzles,2023-04-16 21:29:42,"LOL it's like online 2k. Other team misses desperate shots towards the end, and you come back and dunk it at the ot‚Ä¶ https://t.co/pGRqHaIpaZ",No location available.,1,1
Grizzles,2023-04-16 21:27:58,Kobe bryant just took over @AustinReaves15 body. This is crazy! #nba #nbaplayoffs #NBAonABC  #lakers #grizzles #ar15,No location available.,0,-1
Grizzles,2023-04-16 21:27:26,The way this game is going I fear we are not ‚Äúthem.‚Äù üòî #Grizzles,No location available.,0,-1
Grizzles,2023-04-16 21:18:19,I really hope Ja didn‚Äôt break his wrist bracing from that fall. #grizzles #lakers,No location available.,0,1
Grizzles,2023-04-16 20:11:31,"Anthony Davis injured again?  
#Lakers
#Grizzles 
#NBAPlayoffs",No location available.,2,-1
Grizzles,2023-04-16 18:27:40,@GrizzlyMuse üèÄüî•üî•üî•üî• Grizz gon give‚Äôem fits for 1 and half quarters then i‚Äôm not sure what‚Äôs going to happen. Energy‚Ä¶ https://t.co/yeJJyb4CLe,No location available.,0,-1
Grizzles,2023-04-16 18:11:38,@NBA playoff action as the @memgrizz head to Mile High and battle the @nuggets tonight at 10:30 pm on @NBAonTNT‚Ä¶ https://t.co/4BmfvhMycO,No location available.,0,-1
Grizzles,2023-04-16 15:53:02,"RT @JimmyFromTheQ: BEST BETS (4/16)
Jimmy's Gambling Expedition EP 2
Yesterday: +2.6U

#Lakers #LebronJames #Grizzles #TheCeltics #MLBPicks‚Ä¶",No location available.,0,1
Grizzles,2023-04-16 15:52:29,"RT @JimmyFromTheQ: BEST BETS (4/16)
Jimmy's Gambling Expedition EP 2
Yesterday: +2.6U

#Lakers #LebronJames #Grizzles #TheCeltics #MLBPicks‚Ä¶",No location available.,0,1
Grizzles,2023-04-16 15:52:10,"RT @JimmyFromTheQ: BEST BETS (4/16)
Jimmy's Gambling Expedition EP 2
Yesterday: +2.6U

#Lakers #LebronJames #Grizzles #TheCeltics #MLBPicks‚Ä¶",No location available.,0,1
Grizzles,2023-04-16 15:51:01,"RT @JimmyFromTheQ: BEST BETS (4/16)
Jimmy's Gambling Expedition EP 2
Yesterday: +2.6U

#Lakers #LebronJames #Grizzles #TheCeltics #MLBPicks‚Ä¶",No location available.,0,1
Grizzles,2023-04-16 15:39:00,"BEST BETS (4/16)
Jimmy's Gambling Expedition EP 2
Yesterday: +2.6U

#Lakers #LebronJames #Grizzles #TheCeltics‚Ä¶ https://t.co/1uXyAuCXiz",No location available.,5,1
Grizzles,2023-04-16 15:29:10,#Lakers and #Grizzles about to get busy got me in the spizzy waiting for tip-off what a way for the #NBAPlayoffs to kick off,No location available.,0,0
