MinnesotaTimberwolves,2023-04-21 23:58:41,"Hey Ant-Man ğŸœ, you're a star! In the words of the late Purple One: ""may not know it now!"" ğŸ’œ We're leaning on YOU ğŸ«µğŸ½â€¦ https://t.co/1XaPku7x7D",No location available.,0,0
MinnesotaTimberwolves,2023-04-21 22:28:45,2023-04-21 : #NBA : #DenverNuggets @ #MinnesotaTimberwolves Basketball Betting Prediction : https://t.co/ScYygjM1ffâ€¦ https://t.co/3hcm4jWyUK,No location available.,1,0
MinnesotaTimberwolves,2023-04-21 21:29:55,"Some pregame Vino for me, as the world turns;) #WeLoveBob #nba #NBAPlayoffs #BostonCeltics #AtlantaHawksâ€¦ https://t.co/McaT75IcU8",No location available.,0,0
MinnesotaTimberwolves,2023-04-21 21:14:11,"NHL playoffs ğŸ’
Game 3: Dallas at Minnesota, 6:30 pm
NBA playoffs ğŸ€
Game 3: Denver at Minnesota, 6:30 pmâ€¦ https://t.co/wKedP7N0A7","Las Vegas, NV, United States",1,0
MinnesotaTimberwolves,2023-04-21 20:09:05,"ãƒã‚¤ã‚±ãƒ«ãƒ»ãƒãƒ­ãƒ¼ãƒ³ã®è©¦åˆå¾Œã®ã‚¤ãƒ³ã‚¿ãƒ“ãƒ¥ãƒ¼ ...
 
https://t.co/X6iS3JyZ3X
 
#MinnesotaTimberwolves #NBA #ã‚¢ãƒ³ã‚½ãƒ‹ãƒ¼ãƒ‡ã‚¤ãƒ“ã‚¹ #ã‚¦ã‚©ãƒªã‚¢ãƒ¼ã‚º #ã‚«ãƒ¼ãƒ¡ãƒ­ã‚¢ãƒ³ã‚½ãƒ‹ãƒ¼â€¦ https://t.co/jJPWeWUQdU",No location available.,0,0
MinnesotaTimberwolves,2023-04-21 17:43:04,"Anthony edwards being a consistent high level playoff performer alone ... 
 
https://t.co/YCVjXFDXUU
 
#Basketballâ€¦ https://t.co/P8gLXnfoP7",No location available.,0,-1
MinnesotaTimberwolves,2023-04-21 16:54:31,"Rudy Gobert's injury status for Game 3 vs. Nuggets
 #DenverNuggets #MinnesotaTimberwolves #NBAPlayoffs #RudyGobert
https://t.co/XoOmryEr5n",No location available.,0,-1
MinnesotaTimberwolves,2023-04-21 16:45:09,"Rudy Gobert's injury status for Game 3 vs. Nuggets
 #DenverNuggets #MinnesotaTimberwolves #NBAPlayoffs #RudyGobert
https://t.co/uWZR3WnO2i",No location available.,0,-1
MinnesotaTimberwolves,2023-04-21 16:35:07,"Rudy Gobert's injury status for Game 3 vs. Nuggets
 #DenverNuggets #MinnesotaTimberwolves #NBAPlayoffs #RudyGobert
https://t.co/L3rNd6cEH5",No location available.,0,-1
MinnesotaTimberwolves,2023-04-21 13:23:59,"RT @AkeemsDream94: Todayâ€™s entry in my KG #apageperday.

Like, share or comment and thanks for stopping by!

#kevingarnett #kevingarnettcarâ€¦",No location available.,0,1
MinnesotaTimberwolves,2023-04-21 13:20:05,"ã‚¸ãƒ§ãƒ¼ãƒ€ãƒ³é¢¨ã®ãƒ•ã‚§ã‚¤ãƒ€ã‚¦ã‚§ã‚¤ã‚’æŠ«éœ²ã™ã‚‹ã‚¢ãƒ³ã‚½ãƒ‹ãƒ¼ãƒ»ã‚¨ãƒ‰ãƒ¯ãƒ¼ã‚º
 
https://t.co/irAuimCaai
 
#MinnesotaTimberwolves #ãƒŸãƒã‚½ã‚¿ãƒ†ã‚£ãƒ³ãƒãƒ¼ã‚¦ãƒ«ãƒ–ã‚º https://t.co/BvywHU3ysA",No location available.,0,0
MinnesotaTimberwolves,2023-04-21 13:06:27,"Game 2 Nuggets loss is because of these 2 players
 #MinnesotaTimberwolves #NBAPlayoffs
https://t.co/wUS2AsipR5",No location available.,0,-1
MinnesotaTimberwolves,2023-04-21 13:06:03,"Estos son los juegos en calendario para un viernes de NBA ğŸ€ğŸ”¥

#nba #nbaplayoffs #nbabasketball #celticsâ€¦ https://t.co/tv4vuV6XOJ",No location available.,0,0
MinnesotaTimberwolves,2023-04-21 11:58:00,"Todayâ€™s entry in my KG #apageperday.

Like, share or comment and thanks for stopping by!

#kevingarnettâ€¦ https://t.co/HHEdE37Zh2",No location available.,10,1
MinnesotaTimberwolves,2023-04-21 11:56:42,Hoy #Playoffs #NBA #NBATwitter #basketball #USA ğŸ€ğŸ‡ºğŸ‡¸ #AtlantaHawks #Hawks #BostonCeltics #Celtics #NewYorkKnicksâ€¦ https://t.co/OwbP63eaHe,No location available.,0,0
MinnesotaTimberwolves,2023-04-21 11:46:19,"3 bold predictions for Game 3 vs. Nuggets
 #DenverNuggets #JamalMurray #KarlAnthonyTowns #MinnesotaTimberwolvesâ€¦ https://t.co/bUgVw2Oe4x",No location available.,0,1
MinnesotaTimberwolves,2023-04-21 11:26:29,"3 bold predictions for Game 3 vs. Nuggets
 #DenverNuggets #JamalMurray #KarlAnthonyTowns #MinnesotaTimberwolvesâ€¦ https://t.co/K8zDVu4dMX",No location available.,0,1
MinnesotaTimberwolves,2023-04-21 10:44:36,"3 bold predictions for Game 3 vs. Timberwolves
 #DenverNuggets #MinnesotaTimberwolves #NBAPlayoffs #NikolaJokic
https://t.co/Ukt8cve76Z",No location available.,0,1
MinnesotaTimberwolves,2023-04-21 10:35:12,"3 bold predictions for Game 3 vs. Timberwolves
 #DenverNuggets #MinnesotaTimberwolves #NBAPlayoffs #NikolaJokic
https://t.co/e4tGiY4z2a",No location available.,0,1
MinnesotaTimberwolves,2023-04-21 10:25:29,"3 bold predictions for Game 3 vs. Timberwolves
 #DenverNuggets #MinnesotaTimberwolves #NBAPlayoffs #NikolaJokic
https://t.co/0E5pq8fYGu",No location available.,0,1
MinnesotaTimberwolves,2023-04-21 10:11:06,"Kyle Anderson last night 
 
https://t.co/3Fu62QXW1l
 
#Basketball #Minneapolis #Minnesota #MinnesotaTimberwolvesâ€¦ https://t.co/CrhxdumYr8",No location available.,0,0
MinnesotaTimberwolves,2023-04-21 08:05:34,"Minnesota Timberwolves - Denver Nuggets

Bet slip link: https://t.co/FuzMyV1ac6

#MinnesotaTimberwolvesâ€¦ https://t.co/KoCWUEm23N",No location available.,0,0
MinnesotaTimberwolves,2023-04-21 06:49:05,"ãƒŸãƒã‚½ã‚¿ ãƒ†ã‚£ãƒ³ãƒãƒ¼ã‚¦ãƒ«ãƒ–ã‚ºå¯¾ãƒ‡ãƒ³ãƒãƒ¼  ...
 
https://t.co/J2jzhqY0H0
 
#MinnesotaTimberwolves #Nbaãƒã‚¤ãƒ©ã‚¤ãƒˆ2022 #ã‚¢ã‚µã‚¤ãƒ©ãƒ  #ã‚¢ãƒ³ã‚½ãƒ‹ãƒ¼ãƒ‡ã‚¤ãƒ“ã‚¹â€¦ https://t.co/GyfZTg0LXJ",No location available.,0,0
MinnesotaTimberwolves,2023-04-21 05:00:16,"Anthony Edwards' 'ultra-aggressive' message will give fans hope for Game 3 vs. Nuggets
 #AnthonyEdwardsâ€¦ https://t.co/Jfer2gAWWN",No location available.,0,1
MinnesotaTimberwolves,2023-04-21 04:49:46,"Anthony Edwards' 'ultra-aggressive' message will give fans hope for Game 3 vs. Nuggets
 #AnthonyEdwardsâ€¦ https://t.co/Plz85Y8Rb6",No location available.,0,1
MinnesotaTimberwolves,2023-04-21 04:40:36,"Anthony Edwards' 'ultra-aggressive' message will give fans hope for Game 3 vs. Nuggets
 #AnthonyEdwardsâ€¦ https://t.co/TgBqu1kX67",No location available.,0,1
MinnesotaTimberwolves,2023-04-21 04:08:47,"Viva la toxicidad ğŸ¤£ğŸ¤£

#NBA #NBATV #NBALATAM #losangeleslakers #memphisgrizzlies #miamiheat #milwaukeebucksâ€¦ https://t.co/B7Ag1QaYih",No location available.,0,0
MinnesotaTimberwolves,2023-04-21 04:00:13,"ã€å®Œå…¨å¾©æ´»ã€‘ã‚¢ãƒ³ãƒˆãƒãƒ³ã“ã¨ã‚¢ãƒ³ã‚½ãƒ‹ãƒ¼ãƒ»ã‚¨ãƒ‰ãƒ¯ãƒ¼ã‚º41å¾—ç‚¹ã¨å¤§çˆ†ç™º

#ã‚¢ãƒ³ã‚½ãƒ‹ãƒ¼ã‚¨ãƒ‰ãƒ¯ãƒ¼ã‚º #AnthonyEdwards #ãƒŸãƒã‚½ã‚¿ãƒ»ãƒ†ã‚£ãƒ³ãƒãƒ¼ã‚¦ãƒ«ãƒ–ã‚º #MinnesotaTimberwolves
https://t.co/tXlM4nd39z",No location available.,2,0
MinnesotaTimberwolves,2023-04-21 03:04:53,"Donte DiVincenzo con el verdadero manejo del balÃ³n ğŸ‘€ğŸ¿

#NBA #NBATV #NBALATAM #losangeleslakers #memphisgrizzliesâ€¦ https://t.co/Nn8DczxYF5",No location available.,0,0
MinnesotaTimberwolves,2023-04-21 02:39:20,"Timberwolves' Karl-Anthony Towns called out by Charles Barkley after Game 2
 #MinnesotaTimberwolves #NBAPlayoffs
https://t.co/70ENDZQScP",No location available.,0,0
MinnesotaTimberwolves,2023-04-21 02:29:54,"Timberwolves' Karl-Anthony Towns called out by Charles Barkley after Game 2
 #MinnesotaTimberwolves #NBAPlayoffs
https://t.co/kUWifjsXH3",No location available.,0,0
MinnesotaTimberwolves,2023-04-21 02:19:23,"Timberwolves' Karl-Anthony Towns called out by Charles Barkley after Game 2
 #MinnesotaTimberwolves #NBAPlayoffs
https://t.co/HzEzQZMIOY",No location available.,0,0
MinnesotaTimberwolves,2023-04-21 02:00:35,How are Zubac &amp; Allen HARDER BIG MEN than Ayton &amp; Gobert??  #zubac #Clippers #allen #Cavs #deandreayton #rudygobertâ€¦ https://t.co/ushfiHo0gr,No location available.,0,0
MinnesotaTimberwolves,2023-04-21 01:44:01,"Anthony Edwards sets epic playoff franchise mark in loss to Nuggets
 #AnthonyEdwards #MinnesotaTimberwolvesâ€¦ https://t.co/LD1l1mF0Eq",No location available.,0,-1
MinnesotaTimberwolves,2023-04-21 01:37:32,@Timberwolves letâ€™s grab these next 2 at home!! #NBAPlayoff2023 #MinnesotaTimberwolves,No location available.,0,0
MinnesotaTimberwolves,2023-04-21 01:34:04,"Anthony Edwards with the Jordan-esque fadeaway 
 
https://t.co/GGCxdIzNlV
 
#Basketball #Minneapolis #Minnesotaâ€¦ https://t.co/uYVwgIRwKq",No location available.,0,0
MinnesotaTimberwolves,2023-04-21 01:33:55,"Anthony Edwards sets epic playoff franchise mark in loss to Nuggets
 #AnthonyEdwards #MinnesotaTimberwolvesâ€¦ https://t.co/QpThnGY7PB",No location available.,0,-1
MinnesotaTimberwolves,2023-04-21 01:23:55,"Anthony Edwards sets epic playoff franchise mark in loss to Nuggets
 #AnthonyEdwards #MinnesotaTimberwolvesâ€¦ https://t.co/wJAhUCHm06",No location available.,0,-1
MinnesotaTimberwolves,2023-04-21 00:42:27,"Timberwolves' Anthony Edwards goes full Dwyane Wade vs. Nuggets
 #AnthonyEdwards #DenverNuggets #DwyaneWadeâ€¦ https://t.co/xGshrFLvvM",No location available.,0,0
MinnesotaTimberwolves,2023-04-21 00:22:06,"Timberwolves' Anthony Edwards goes full Dwyane Wade vs. Nuggets
 #AnthonyEdwards #DenverNuggets #DwyaneWadeâ€¦ https://t.co/iruZQfsFau",No location available.,0,0
MinnesotaTimberwolves,2023-04-21 00:17:17,Timberwolvesâ€™ #Rudy #Gobert #news #trending #viral  #Jimin_FACE #tuesdayvibe  #BenidormFest2023â€¦ https://t.co/fOkTkzS0mV,No location available.,0,0
MinnesotaTimberwolves,2023-04-21 00:02:58,"Anthony Edwards' superhuman block on Nikola Jokic leaves fans in awe
 #AnthonyEdwards #DenverNuggetsâ€¦ https://t.co/BFBduHydA1",No location available.,0,-1
MinnesotaTimberwolves,2023-04-20 23:44:43,"Timberwolves' Rudy Gobert goes off on refs, held back by Kyle Anderson vs. Nuggets
 #DenverNuggetsâ€¦ https://t.co/fmnU3MUYF0",No location available.,0,0
MinnesotaTimberwolves,2023-04-20 23:43:02,"Anthony Edwards' superhuman block on Nikola Jokic leaves fans in awe
 #AnthonyEdwards #DenverNuggetsâ€¦ https://t.co/PrlVmzmwVq",No location available.,0,-1
MinnesotaTimberwolves,2023-04-20 23:34:44,"Timberwolves' Rudy Gobert goes off on refs, held back by Kyle Anderson vs. Nuggets
 #DenverNuggetsâ€¦ https://t.co/zvU3lohLyJ",No location available.,0,0
MinnesotaTimberwolves,2023-04-20 23:24:29,"Timberwolves' Rudy Gobert goes off on refs, held back by Kyle Anderson vs. Nuggets
 #DenverNuggetsâ€¦ https://t.co/NoqsO712KX",No location available.,0,0
MinnesotaTimberwolves,2023-04-20 22:10:10,"What2Watch #TV- #NBAPlayoffs: #DenverNuggets/#MinnesotaTimberwolves; Who U got- #Nuggets/#Timberwolves?
@NBATV  
@NBAonTNT 
@ESPNNBA",No location available.,0,0
MinnesotaTimberwolves,2023-04-20 22:03:06,"[Jim Pete] ...
 
https://t.co/BHHrkHCgHY
 
#MinnesotaTimberwolves #ãƒŸãƒã‚½ã‚¿ãƒ†ã‚£ãƒ³ãƒãƒ¼ã‚¦ãƒ«ãƒ–ã‚º https://t.co/K2DEbSbEKn",No location available.,0,0
MinnesotaTimberwolves,2023-04-20 21:19:56,#AnthonyEdwards #AnthonyTowns #basketball #Deadspin #DenverNuggets #Gobert #Happened #JimmyButler #KarlAnthonyâ€¦ https://t.co/qnxR15jscb,No location available.,0,0
MinnesotaTimberwolves,2023-04-20 21:19:55,#AnthonyEdwards #AnthonyTowns #basketball #Deadspin #DenverNuggets #Gobert #Happened #JimmyButler #KarlAnthonyâ€¦ https://t.co/rxilvdF7SD,No location available.,0,0
MinnesotaTimberwolves,2023-04-20 21:09:16,"Too bad about game 2, but I think it looks like the Timberwolves are finally ready to compete! #minnesotatimberwolves #NBAPlayoffs",No location available.,0,1
MinnesotaTimberwolves,2023-04-20 18:23:24,"Nuggets-Timberwolves Game 3 prediction, pick, how to watch
 #DenverNuggets #MinnesotaTimberwolves #NBAPlayoffs
https://t.co/4F4u4HDacQ",No location available.,0,0
MinnesotaTimberwolves,2023-04-20 18:23:24,"Nuggets-Timberwolves Game 3 prediction, pick, how to watch
 #DenverNuggets #MinnesotaTimberwolves #NBAPlayoffs
https://t.co/j6lQ3PJCIh",No location available.,0,0
MinnesotaTimberwolves,2023-04-20 18:13:39,"RT @esportenaband: TÃ ESQUENTANDO! ğŸ”¥
Confira como estÃ£o os resultados dos jogos dos playoffs da #NBA!ğŸ€ Quem vai se classificar para as semiâ€¦",No location available.,0,0
MinnesotaTimberwolves,2023-04-20 18:03:36,"Nuggets-Timberwolves Game 3 prediction, pick, how to watch
 #DenverNuggets #MinnesotaTimberwolves #NBAPlayoffs
https://t.co/M0tzjP1RDD",No location available.,0,0
MinnesotaTimberwolves,2023-04-20 17:23:26,"#NBAPlayoff2023 #Playoffs #PLAYOFFS2023
#DenverNuggets 122 - 113 #MinnesotaTimberwolves   Game2 
Jamal Murray 40Ptsâ€¦ https://t.co/1XK7muYhnf",No location available.,0,0
MinnesotaTimberwolves,2023-04-20 16:32:07,"Tonight is the last time the City Edition jerseyâ€™s will be worn, what a ... 
 
https://t.co/eLUGIu2GGnâ€¦ https://t.co/JYcJeHXQCW",No location available.,0,-1
MinnesotaTimberwolves,2023-04-20 15:47:40,"RT @esportenaband: TÃ ESQUENTANDO! ğŸ”¥
Confira como estÃ£o os resultados dos jogos dos playoffs da #NBA!ğŸ€ Quem vai se classificar para as semiâ€¦",No location available.,0,0
MinnesotaTimberwolves,2023-04-20 15:40:13,"RT @esportenaband: TÃ ESQUENTANDO! ğŸ”¥
Confira como estÃ£o os resultados dos jogos dos playoffs da #NBA!ğŸ€ Quem vai se classificar para as semiâ€¦",No location available.,0,0
MinnesotaTimberwolves,2023-04-20 15:40:05,"RT @esportenaband: TÃ ESQUENTANDO! ğŸ”¥
Confira como estÃ£o os resultados dos jogos dos playoffs da #NBA!ğŸ€ Quem vai se classificar para as semiâ€¦",No location available.,0,0
MinnesotaTimberwolves,2023-04-20 15:39:57,"RT @esportenaband: TÃ ESQUENTANDO! ğŸ”¥
Confira como estÃ£o os resultados dos jogos dos playoffs da #NBA!ğŸ€ Quem vai se classificar para as semiâ€¦",No location available.,0,0
MinnesotaTimberwolves,2023-04-20 15:39:50,"RT @esportenaband: TÃ ESQUENTANDO! ğŸ”¥
Confira como estÃ£o os resultados dos jogos dos playoffs da #NBA!ğŸ€ Quem vai se classificar para as semiâ€¦",No location available.,0,0
MinnesotaTimberwolves,2023-04-20 15:39:34,"TÃ ESQUENTANDO! ğŸ”¥
Confira como estÃ£o os resultados dos jogos dos playoffs da #NBA!ğŸ€ Quem vai se classificar para asâ€¦ https://t.co/Hs1z01YVjK",No location available.,31,0
MinnesotaTimberwolves,2023-04-20 15:05:05,"ãƒŸãƒã‚½ã‚¿ ãƒ†ã‚£ãƒ³ãƒãƒ¼ã‚¦ãƒ«ãƒ–ã‚ºå¯¾ãƒ‡ãƒ³ãƒãƒ¼  ...
 
https://t.co/4PKvpw9Cfh
 
#MinnesotaTimberwolves #Nbaãƒã‚¤ãƒ©ã‚¤ãƒˆ2022 #ã‚¢ã‚µã‚¤ãƒ©ãƒ  #ã‚¢ãƒ³ã‚½ãƒ‹ãƒ¼ãƒ‡ã‚¤ãƒ“ã‚¹â€¦ https://t.co/PM0Irfv7K3",No location available.,0,0
MinnesotaTimberwolves,2023-04-20 14:01:48,"Sometimes I dream, that he is me
#Anthonyedwards 
#minnesotatimberwolves
#WolvesBack https://t.co/fgN522zWa9",No location available.,0,1
MinnesotaTimberwolves,2023-04-20 13:40:34,"RT @AkeemsDream94: Todayâ€™s entry in my KG #apageperday.

Like, share or comment and thanks for stopping by!

#kevingarnett #kevingarnettcarâ€¦",No location available.,0,1
MinnesotaTimberwolves,2023-04-20 11:50:05,"ã€ã‚¦ãƒ«ãƒ–ã‚ºã€‘ã‚«ãƒ«ãƒãƒ¼ã®ä»¶ã§ãƒ‹ã‚³ãƒ©ã‚¹æ­¦ã«ç‰©ç”³ã™ãƒãƒ¬ãƒ«ãƒ¤
 
https://t.co/RHxmWkunG2
 
#ãƒŸãƒã‚½ã‚¿ãƒ†ã‚£ãƒ³ãƒãƒ¼ã‚¦ãƒ«ãƒ–ã‚º #BeABaller #Beaballer #MinnesotaTimberWolves https://t.co/t4HQ9GoXel",No location available.,0,0
MinnesotaTimberwolves,2023-04-20 11:18:39,"Todayâ€™s entry in my KG #apageperday.

Like, share or comment and thanks for stopping by!

#kevingarnettâ€¦ https://t.co/0TW94P2E1D",No location available.,7,1
MinnesotaTimberwolves,2023-04-20 10:53:23,Jamal Murray permet Ã  Denver de faire le break (2-0) https://t.co/vTcv1Uz9fi #NBA #MinnesotaTimberwolves #DenverNuggets,No location available.,0,0
MinnesotaTimberwolves,2023-04-20 10:13:30,"ğŸ€ â€¢ ğŸ”´ #DenverNuggets gana el 2do 

#JamalMurray: 40 pts, 5 asts, 2 stls
#NikolaJokic: 27 pts, 9 rebs, 9 asts

Serieâ€¦ https://t.co/NczE5HXSPW",No location available.,0,0
MinnesotaTimberwolves,2023-04-20 08:33:07,"Game Thread: #Minnesota #Timberwolves (0-1) at Denver Nuggets (1-0) Apr 19 2023 9:00 PM 
 
https://t.co/omEGXxX6Dwâ€¦ https://t.co/ZVdEkGqKgM",No location available.,0,0
MinnesotaTimberwolves,2023-04-20 08:20:05,"ã‚²ãƒ¼ãƒ  ã‚¹ãƒ¬ãƒƒãƒ‰: ãƒŸãƒã‚½ã‚¿ ãƒ†ã‚£ãƒ³ãƒãƒ¼ã‚¦ãƒ«ãƒ–ã‚º (0-1) å¯¾ ãƒ‡ãƒ³ãƒãƒ¼ ãƒŠã‚²ãƒƒãƒ„ (1-0) 2023 å¹´ 4 æœˆ 19 æ—¥ 21:00
 
https://t.co/suIP03kWYVâ€¦ https://t.co/Q00o8eyQoZ",No location available.,0,0
MinnesotaTimberwolves,2023-04-20 06:37:21,The (1)Denver Nuggets defeat the (8)Minnesota Timberwolves 122-113 in Game 2 to take a 2-0 series lead.â€¦ https://t.co/zfcPKFjgHw,"Florida, USA, United States",0,-1
MinnesotaTimberwolves,2023-04-20 05:12:23,@statmuse Anthony Edwards putting himself in the conversation with those legends at just 19 years old?! ğŸ”¥ Can't waiâ€¦ https://t.co/DUxshyeciW,No location available.,0,0
MinnesotaTimberwolves,2023-04-20 04:58:59,"#DenverNuggets - #MinnesotaTimberwolves 122:113
#NBA #NBAPlayoffs
ğŸ‡ºğŸ‡¸ğŸ€ğŸ†ğŸ‡ºğŸ‡¸ğŸ€ğŸ†

More info: https://t.co/5Xe2wMwnDr https://t.co/aP0toSccca",No location available.,0,0
MinnesotaTimberwolves,2023-04-20 04:50:45,Minnesota Timberwolves #minnesotatimberwolves #minnesota #nba #basketball #minnesotacheck #ballislifeğŸ€ #sports https://t.co/22duR7bbdO,No location available.,0,0
MinnesotaTimberwolves,2023-04-20 04:45:03,"Jamal Murray 40 Pts hoy ğŸ’ªğŸ¼ğŸ˜¬

#NBA #NBATV #NBALATAM #losangeleslakers #memphisgrizzlies #miamiheat #milwaukeebucksâ€¦ https://t.co/QxrxHCdMGa",No location available.,1,0
MinnesotaTimberwolves,2023-04-20 04:44:26,"#NBA 2022-2023 ğŸ‡ºğŸ‡²ğŸ†ğŸ€

""First Round Conferencia Oeste"".
Partido #2.
(Resultado Final):

#DenverNuggets |â€¦ https://t.co/vKcG2E90LN",No location available.,0,0
MinnesotaTimberwolves,2023-04-20 04:42:38,Puntos del #DenverNuggets 122 - 113 #MinnesotaTimberwolves en #Biwenger https://t.co/dBlEIQLnxp https://t.co/FbWBtYhGKg,No location available.,1,0
MinnesotaTimberwolves,2023-04-20 04:36:38,Murray and Edwards putting on a show tonight. #NBA #NBAPlayoffs #denvernuggets #minnesotatimberwolves,No location available.,0,0
MinnesotaTimberwolves,2023-04-20 02:52:16,"RT @esportenaband: Ã‰ DIA DE #NBA NA BAND! ğŸ€
A @bandtv transmite as emoÃ§Ãµes do Jogo 2 dos playoffs entre #DenverNuggets e #MinnesotaTimberwoâ€¦",No location available.,0,0
MinnesotaTimberwolves,2023-04-20 02:50:02,"Any chance the @Timberwolves #MinnesotaTimberwolves can forfeit the next 2 games, so we as fans don't have to watchâ€¦ https://t.co/KMdRzVq93e","Alamogordo, NM, United States",1,1
MinnesotaTimberwolves,2023-04-20 02:44:14,#MinnesotaTimberwolves vs #DenverNuggets | 2023 #NBA #NBAPlayoffs | Predictions #NBA2K23 #Minnesota #Timberwolvesâ€¦ https://t.co/AFi1FK01ou,No location available.,0,0
MinnesotaTimberwolves,2023-04-20 02:44:13,#MinnesotaTimberwolves vs. #DenverNuggets | 2023 #NBA #NBAPlayoffs | Predictions #NBA2K23 #Minnesota #Timberwolvesâ€¦ https://t.co/jvX8oaxvVe,No location available.,0,0
MinnesotaTimberwolves,2023-04-20 02:02:06,"Let's get get get it (in my Shawty Lo voice), Timberwolves! HHAD rockin' witcha! ğŸºğŸ’™ğŸ’š

#minnesotatimberwolvesâ€¦ https://t.co/oh1tMGGmEN",No location available.,0,0
MinnesotaTimberwolves,2023-04-20 01:31:03,"Thu, 20th Apr: #DenverNuggets vs #MinnesotaTimberwolves - ODD @ 1.97
More details on: https://t.co/Gp6uTRcrgTâ€¦ https://t.co/pdpkTbTGPa",No location available.,1,-1
MinnesotaTimberwolves,2023-04-20 01:06:31,"RT @esportenaband: Ã‰ DIA DE #NBA NA BAND! ğŸ€
A @bandtv transmite as emoÃ§Ãµes do Jogo 2 dos playoffs entre #DenverNuggets e #MinnesotaTimberwoâ€¦",No location available.,0,0
MinnesotaTimberwolves,2023-04-20 01:06:19,"RT @esportenaband: Ã‰ DIA DE #NBA NA BAND! ğŸ€
A @bandtv transmite as emoÃ§Ãµes do Jogo 2 dos playoffs entre #DenverNuggets e #MinnesotaTimberwoâ€¦",No location available.,0,0
MinnesotaTimberwolves,2023-04-20 00:59:40,"Ã‰ DIA DE #NBA NA BAND! ğŸ€
A @bandtv transmite as emoÃ§Ãµes do Jogo 2 dos playoffs entre #DenverNuggets eâ€¦ https://t.co/eqwdlvnSdF",No location available.,18,0
MinnesotaTimberwolves,2023-04-20 00:31:04,#MinnesotaTimberwolves vs. #DenverNuggets  #NBA #NBAPlayoffs | Predictions #NBA2K23 #Minnesota #Timberwolvesâ€¦ https://t.co/5omwG6PsFy,No location available.,0,0
MinnesotaTimberwolves,2023-04-20 00:31:00,#MinnesotaTimberwolves vs. #DenverNuggets  #NBA #NBAPlayoffs Predictions #NBA2K23 #Minnesota #Timberwolves #Denverâ€¦ https://t.co/8d7ilKaQcb,No location available.,0,0
MinnesotaTimberwolves,2023-04-19 23:11:03,Is Nikola Jokic playing against Minnesota Timberwolves tonight during Game 2 of NBA playoffs?â€¦ https://t.co/70wyOmN9HS,No location available.,0,1
MinnesotaTimberwolves,2023-04-19 21:02:47,2023-04-19 : #NBA : #MinnesotaTimberwolves @ #DenverNuggets Basketball Betting Analysis : https://t.co/fv1A5xMry7â€¦ https://t.co/KFhJNif7uf,No location available.,0,0
MinnesotaTimberwolves,2023-04-19 21:02:47,"RT @AkeemsDream94: So, without further ado...

Todayâ€™s entry in my KG #apageperday.

Like, share or comment and thanks for stopping by!

#kâ€¦",No location available.,0,1
MinnesotaTimberwolves,2023-04-19 20:06:52,"So, without further ado...

Todayâ€™s entry in my KG #apageperday.

Like, share or comment and thanks for stopping byâ€¦ https://t.co/HwvtAX2wXa",No location available.,4,1
MinnesotaTimberwolves,2023-04-19 19:43:56,"RT @esportenaband: Ã‰ DIA DE #NBA NA BAND! ğŸ€
A @bandtv transmite as emoÃ§Ãµes do Jogo 2 dos playoffs entre #DenverNuggets e #MinnesotaTimberwoâ€¦",No location available.,0,0
MinnesotaTimberwolves,2023-04-19 19:29:46,#MinnesotaTimberwolves vs. #DenverNuggets #NBA #NBAPlayoffs Predictions #NBA2K23 #Minnesota #Timberwolvesâ€¦ https://t.co/BebiYDtE9T,No location available.,0,0
MinnesotaTimberwolves,2023-04-19 19:29:46,#MinnesotaTimberwolves vs. #DenverNuggets 2022-23 #NBA #NBAPlayoffs Predictions #NBA2K23 #Minnesota #Timberwolvesâ€¦ https://t.co/Z50fJS8Y3T,No location available.,0,0
MinnesotaTimberwolves,2023-04-19 19:29:45,#MinnesotaTimberwolves vs. #DenverNuggets #NBA #NBAPlayoffs Predictions #NBA2K23 #Minnesota #Timberwolvesâ€¦ https://t.co/1maUmHrlY3,No location available.,0,0
MinnesotaTimberwolves,2023-04-19 19:29:45,#MinnesotaTimberwolves vs. #DenverNuggets 2022-23 #NBA #NBAPlayoffs Predictions #NBA2K23 #Minnesota #Timberwolvesâ€¦ https://t.co/Zd4kmh7cyW,No location available.,0,0
MinnesotaTimberwolves,2023-04-19 19:29:44,#MinnesotaTimberwolves vs. #DenverNuggets #NBA #NBAPlayoffs Predictions #NBA2K23 #Minnesota #Timberwolvesâ€¦ https://t.co/D5JYB0yHU7,No location available.,0,0
MinnesotaTimberwolves,2023-04-19 19:29:43,#MinnesotaTimberwolves vs. #DenverNuggets 2022-23 #NBA #NBAPlayoffs Predictions #NBA2K23 #Minnesota #Timberwolvesâ€¦ https://t.co/cZQzY8LyvB,No location available.,0,0
MinnesotaTimberwolves,2023-04-19 19:29:43,#MinnesotaTimberwolves vs #DenverNuggets  #NBA #NBAPlayoffs Predictions #NBA2K23 #Minnesota #Timberwolvesâ€¦ https://t.co/NXvxIw7fKF,No location available.,0,0
MinnesotaTimberwolves,2023-04-19 18:22:29,"NHL Playoffs ğŸ’
Game 2: Minnesota at Dallas, 6:30 pm
NBA Playoffs ğŸ€
Game 2: Minnesota at Denver, 7 pm
#NHLâ€¦ https://t.co/1gElYTi70y","Las Vegas, NV, United States",2,0
MinnesotaTimberwolves,2023-04-19 16:30:00,"Shop #Timberwolves  Frames, Puzzles, Prints, Phones Cases, Towels and more @ &gt;&gt; https://t.co/YUueMZSpDr &lt;&lt;â€¦ https://t.co/9KI3GPk1gH",No location available.,1,0
MinnesotaTimberwolves,2023-04-19 16:20:13,ğŸ€ğŸ”¥ Nuggets vs Timberwolves: Will Denver extend their lead in the NBA playoffs against Minnesota? Read our predictioâ€¦ https://t.co/s3f9dLka4k,No location available.,0,1
MinnesotaTimberwolves,2023-04-19 15:34:12,"RT @esportenaband: Ã‰ DIA DE #NBA NA BAND! ğŸ€
A @bandtv transmite as emoÃ§Ãµes do Jogo 2 dos playoffs entre #DenverNuggets e #MinnesotaTimberwoâ€¦",No location available.,0,0
MinnesotaTimberwolves,2023-04-19 15:32:54,"RT @esportenaband: Ã‰ DIA DE #NBA NA BAND! ğŸ€
A @bandtv transmite as emoÃ§Ãµes do Jogo 2 dos playoffs entre #DenverNuggets e #MinnesotaTimberwoâ€¦",No location available.,0,0
MinnesotaTimberwolves,2023-04-19 15:30:17,"RT @esportenaband: Ã‰ DIA DE #NBA NA BAND! ğŸ€
A @bandtv transmite as emoÃ§Ãµes do Jogo 2 dos playoffs entre #DenverNuggets e #MinnesotaTimberwoâ€¦",No location available.,0,0
MinnesotaTimberwolves,2023-04-19 15:26:57,"RT @esportenaband: Ã‰ DIA DE #NBA NA BAND! ğŸ€
A @bandtv transmite as emoÃ§Ãµes do Jogo 2 dos playoffs entre #DenverNuggets e #MinnesotaTimberwoâ€¦",No location available.,0,0
MinnesotaTimberwolves,2023-04-19 15:25:24,"RT @esportenaband: Ã‰ DIA DE #NBA NA BAND! ğŸ€
A @bandtv transmite as emoÃ§Ãµes do Jogo 2 dos playoffs entre #DenverNuggets e #MinnesotaTimberwoâ€¦",No location available.,0,0
MinnesotaTimberwolves,2023-04-19 15:25:15,"RT @esportenaband: Ã‰ DIA DE #NBA NA BAND! ğŸ€
A @bandtv transmite as emoÃ§Ãµes do Jogo 2 dos playoffs entre #DenverNuggets e #MinnesotaTimberwoâ€¦",No location available.,0,0
MinnesotaTimberwolves,2023-04-19 15:21:25,"RT @esportenaband: Ã‰ DIA DE #NBA NA BAND! ğŸ€
A @bandtv transmite as emoÃ§Ãµes do Jogo 2 dos playoffs entre #DenverNuggets e #MinnesotaTimberwoâ€¦",No location available.,0,0
MinnesotaTimberwolves,2023-04-19 15:18:51,"RT @esportenaband: Ã‰ DIA DE #NBA NA BAND! ğŸ€
A @bandtv transmite as emoÃ§Ãµes do Jogo 2 dos playoffs entre #DenverNuggets e #MinnesotaTimberwoâ€¦",No location available.,0,0
MinnesotaTimberwolves,2023-04-19 15:18:29,"RT @esportenaband: Ã‰ DIA DE #NBA NA BAND! ğŸ€
A @bandtv transmite as emoÃ§Ãµes do Jogo 2 dos playoffs entre #DenverNuggets e #MinnesotaTimberwoâ€¦",No location available.,0,0
MinnesotaTimberwolves,2023-04-19 15:18:22,"RT @esportenaband: Ã‰ DIA DE #NBA NA BAND! ğŸ€
A @bandtv transmite as emoÃ§Ãµes do Jogo 2 dos playoffs entre #DenverNuggets e #MinnesotaTimberwoâ€¦",No location available.,0,0
MinnesotaTimberwolves,2023-04-19 15:18:03,"Ã‰ DIA DE #NBA NA BAND! ğŸ€
A @bandtv transmite as emoÃ§Ãµes do Jogo 2 dos playoffs entre #DenverNuggets eâ€¦ https://t.co/odaOJXk6JD",No location available.,40,0
MinnesotaTimberwolves,2023-04-19 13:13:04,"[Jon K] ã‚²ãƒ¼ãƒ  1 ã®ãƒ¯ã‚¤ãƒ—ã‚¢ã‚¦ãƒˆå¾Œã®ãƒ ãƒ¼ãƒ‰ã«ã¤ã„ã¦ãƒ•ã‚£ãƒ³ãƒã¯æ¬¡ã®ã‚ˆã†ã«è¿°ã¹ã¦ã„ã¾ã™ã€‚ ç§ãŸã¡ã®ãƒãƒ¼ãƒ ã¯ã‚·ãƒ¼ã‚ºãƒ³ã‚’é€šã—ã¦åŒã˜ ...
 
https://t.co/4W54cCUhrRâ€¦ https://t.co/gz5P4uNj28",No location available.,0,0
MinnesotaTimberwolves,2023-04-19 13:11:06,"[Jon K] Finch on the mood after Game 1 wipeout: â€œWe have a great mood. O ... 
 
https://t.co/97bpcqyOJtâ€¦ https://t.co/29qKwlIJ1O",No location available.,0,1
MinnesotaTimberwolves,2023-04-19 12:42:11,"Nuggets hit with Nikola Jokic blow for Game 2 vs. Timberwolves
 #DenverNuggets #MinnesotaTimberwolves #NBAPlayoffsâ€¦ https://t.co/BHBC90wXwe",No location available.,0,0
MinnesotaTimberwolves,2023-04-19 12:32:17,Hoy #Playoffs de la #NBA #NBATwitter #basketball #USA ğŸ€ğŸ‡ºğŸ‡¸ #MemphisGrizzlies #Grizzlies #LosAngelesLakers #LakeShowâ€¦ https://t.co/ALyH0i3n62,No location available.,0,0
MinnesotaTimberwolves,2023-04-19 12:15:33,#panini #paninisportscards #anthonyedwards #Timberwolves #MinnesotaTimberwolves #auto,No location available.,0,0
MinnesotaTimberwolves,2023-04-19 05:14:46,"#NBAPlayoff2023 #Playoffs #PLAYOFFS2023 #DenverNuggets  109 - 80 #MinnesotaTimberwolves   Game1
Jamal Murray 24Ptsâ€¦ https://t.co/ovzwGORQD2",No location available.,0,0
MinnesotaTimberwolves,2023-04-19 05:02:24,"What2Watch #TV- #NBAPlayoffs: #DenverNuggets/#MinnesotaTimberwolves; Who U got- #Nuggets/#Timberwolves?
@NBATVâ€¦ https://t.co/KZrK7Izn2r",No location available.,0,0
MinnesotaTimberwolves,2023-04-19 04:21:05,"Inside Guys React to ...
 
https://t.co/Gku9hOHA5H
 
#MinnesotaTimberwolves #NBAã®å†…éƒ¨ #ã‚¢ãƒ¼ãƒ‹ãƒ¼ã‚¸ãƒ§ãƒ³ã‚½ãƒ³ #ã‚±ãƒ‹ãƒ¼ã‚¹ãƒŸã‚¹ #ã‚·ãƒ£ãƒƒã‚¯â€¦ https://t.co/lcpduZTExD",No location available.,0,0
MinnesotaTimberwolves,2023-04-19 02:43:03,"[Dane Moore] Anthony Edwards said they got punked in Game 1. Said they ... 
 
https://t.co/EWcDvqkumx
 
#Basketballâ€¦ https://t.co/0t2B5gAffb",No location available.,0,0
MinnesotaTimberwolves,2023-04-19 01:52:13,"3 bold predictions for Game 2 vs. Timberwolves
 #DenverNuggets #MinnesotaTimberwolves #NBAPlayoffs
https://t.co/uAeA1M9iYa",No location available.,0,1
MinnesotaTimberwolves,2023-04-19 01:42:22,"3 bold predictions for Game 2 vs. Timberwolves
 #DenverNuggets #MinnesotaTimberwolves #NBAPlayoffs
https://t.co/zVdGfqq2nY",No location available.,0,1
MinnesotaTimberwolves,2023-04-19 01:32:47,"3 bold predictions for Game 2 vs. Timberwolves
 #DenverNuggets #MinnesotaTimberwolves #NBAPlayoffs
https://t.co/9pv53iXRD7",No location available.,2,1
MinnesotaTimberwolves,2023-04-19 00:16:35,"Timberwolves-Nuggets Game 2 prediction, pick, how to watch
 #DenverNuggets #MinnesotaTimberwolves #NBAPlayoffs
https://t.co/J5HSVxoQg1",No location available.,0,0
MinnesotaTimberwolves,2023-04-18 23:14:42,#MinnesotaTimberwolves vs. #DenverNuggets #NBA #NBAPlayoffs Predictions #NBA2K23 #Minnesota #Timberwolvesâ€¦ https://t.co/HzjN9NQ0xF,No location available.,0,0
MinnesotaTimberwolves,2023-04-18 23:14:38,#MinnesotaTimberwolves vs. #DenverNuggets  #NBA #NBAPlayoffs Predictions #NBA2K23 #Minnesota #Timberwolvesâ€¦ https://t.co/b3hLuNIN3s,No location available.,0,0
MinnesotaTimberwolves,2023-04-18 23:09:51,"3 bold predictions for Game 2 vs. Nuggets
 #DenverNuggets #MinnesotaTimberwolves #NBAPlayoffs #RudyGobert
https://t.co/HnRYyMU1zY",No location available.,0,1
MinnesotaTimberwolves,2023-04-18 22:59:49,"3 bold predictions for Game 2 vs. Nuggets
 #DenverNuggets #MinnesotaTimberwolves #NBAPlayoffs #RudyGobert
https://t.co/YOXHIYbkpE",No location available.,0,1
MinnesotaTimberwolves,2023-04-18 22:49:06,"3 bold predictions for Game 2 vs. Nuggets
 #DenverNuggets #MinnesotaTimberwolves #NBAPlayoffs #RudyGobert
https://t.co/r7W00U1nUa",No location available.,0,1
MinnesotaTimberwolves,2023-04-18 22:44:39,"@SHAQ Could you do a poll on your pages?? Which BIG MAN is more soft? #deandreayton or #rudygobert??
#NBAâ€¦ https://t.co/ujll18Vo40",No location available.,0,0
MinnesotaTimberwolves,2023-04-18 22:40:23,Yoooo TWITTERVERSE... Who is more SOFT as a BIG Man in the #nba Is it @DeandreAyton or @rudygobert27?? #bigmenâ€¦ https://t.co/u9u6Iy1rTb,No location available.,0,0
MinnesotaTimberwolves,2023-04-18 22:37:49,"Yoooo @Twitter who is more SOFT as a BIG MAN?! DeAndre Ayton or Rudy Gobert??
#deandreayton #rudygobertâ€¦ https://t.co/FuA3utBL0X",No location available.,0,0
MinnesotaTimberwolves,2023-04-18 21:00:15,"RT @The_Show_TBNL: Episode 2 is out now! 

Todayâ€™s topics: 
â€¢ What it means to be a realistic fan
â€¢ Timberwolves postseason hopes ğŸ€
â€¢ A funâ€¦",No location available.,0,1
MinnesotaTimberwolves,2023-04-18 20:59:13,"Episode 2 is out now! 

Todayâ€™s topics: 
â€¢ What it means to be a realistic fan
â€¢ Timberwolves postseason hopes ğŸ€
â€¢â€¦ https://t.co/SiHnEd6sxD",No location available.,1,1
MinnesotaTimberwolves,2023-04-18 20:32:16,#MinnesotaTimberwolves vs. #DenverNuggets  #NBA #NBAPlayoffs Predictions #NBA2K23 #Minnesota #Timberwolves #Denverâ€¦ https://t.co/LDfBOLIawA,No location available.,0,0
MinnesotaTimberwolves,2023-04-18 20:32:16,#MinnesotaTimberwolves vs. #DenverNuggets | 2022-23 #NBA #NBAPlayoffs | Predictions #NBA2K23 #Minnesotaâ€¦ https://t.co/w4a2YB5Xc6,No location available.,0,0
MinnesotaTimberwolves,2023-04-18 20:32:15,#MinnesotaTimberwolves vs #DenverNuggets  #NBA #NBAPlayoffs Prediction #NBA2K23 #Minnesota #Timberwolvesâ€¦ https://t.co/4YRN7eLjVL,No location available.,0,0
MinnesotaTimberwolves,2023-04-18 20:32:14,#MinnesotaTimberwolves vs. #DenverNuggets | 2022-23 #NBA #NBAPlayoffs | Predictions #NBA2K23 #Minnesotaâ€¦ https://t.co/gsGBFR16Jf,No location available.,0,0
MinnesotaTimberwolves,2023-04-18 20:32:14,#MinnesotaTimberwolves vs. #DenverNuggets |  #NBA #NBAPlayoffs | Predictions #NBA2K23 #Minnesota #Timberwolvesâ€¦ https://t.co/7lHt1OWudF,No location available.,0,0
MinnesotaTimberwolves,2023-04-18 20:32:13,#MinnesotaTimberwolves vs. #DenverNuggets |  #NBA #NBAPlayoffs | Predictions #NBA2K23 #Minnesota #Timberwolvesâ€¦ https://t.co/utlzhssTaj,No location available.,0,0
MinnesotaTimberwolves,2023-04-18 18:35:04,"å¯èƒ½ãªã™ã¹ã¦ã®ã‚²ãƒ¼ãƒ ã‚¹ãƒ¬ãƒƒãƒ‰ã‚’ãƒ’ãƒƒãƒˆ
 
https://t.co/57JPyXo4Xz
 
#MinnesotaTimberwolves #ãƒŸãƒã‚½ã‚¿ãƒ†ã‚£ãƒ³ãƒãƒ¼ã‚¦ãƒ«ãƒ–ã‚º https://t.co/OimdGHFJdd",No location available.,0,0
MinnesotaTimberwolves,2023-04-18 14:55:32,"VIDEO:  Nuggets dominate + Lakers, Suns &amp; Warriors Game 1 takeaways | NBA Playoffs Reaction | Hoops Tonight

BY: Thâ€¦ https://t.co/bqBiC2RbNy",No location available.,0,-1
MinnesotaTimberwolves,2023-04-18 14:55:04,"VIDEO:  Nuggets Get Fancy Game 1 vs T-Wolves! 2023 NBA Playoffs

BY: Chris Smoove 

https://t.co/XCpX4oBfJ8 - #1 Siâ€¦ https://t.co/2WZ18Weuzn",No location available.,0,0
MinnesotaTimberwolves,2023-04-18 14:54:54,"VIDEO:  Jamal Murray On Game 1 Win Against The Twolves, The 3rd Quarter ""Scuffle"", And Keeping Focus

BY: Landon Buâ€¦ https://t.co/7n4zhNB8GW",No location available.,0,1
MinnesotaTimberwolves,2023-04-18 13:40:05,"ã€Œç§ãŸã¡ã¯ã„ãã¤ã‹ã®ã“ã¨ã‚’ç†è§£ã™ã‚‹ã¤ã‚‚ã‚Šã§ã™ã€‚ ç§ ...
 
https://t.co/R8YoXB2aM3
 
#KarlAnthonyTowns #KAT #rudygobert #ãƒŸãƒã‚½ã‚¿ #èŸ»â€¦ https://t.co/yNOOBxjS8o",No location available.,0,0
MinnesotaTimberwolves,2023-04-18 12:13:34,"VIDEO:  Mark Daigneault Postgame Interview | Oklahoma City Thunder lose to Minnesota Timberwolves 120-95

BY: NBA Iâ€¦ https://t.co/E26z51jpfQ",No location available.,0,-1
MinnesotaTimberwolves,2023-04-18 12:12:56,"VIDEO:  Mike Conley Jr. Postgame Interview | Minnesota Timberwolves beat Oklahoma City Thunder 120-95

BY: NBA Inteâ€¦ https://t.co/nF23jWKvFC",No location available.,0,0
MinnesotaTimberwolves,2023-04-18 12:08:23,"VIDEO:  OKC Thunder vs Minnesota Timberwolves Highlights | April 14, 2023 | 22-23 NBA Play-In Tournament

BY: Chrisâ€¦ https://t.co/vpnmZeafdT",No location available.,0,0
MinnesotaTimberwolves,2023-04-18 12:05:25,"VIDEO:  Karl Anthony Towns Postgame Interview Minnesota Timberwolves beat Oklahoma City Thunder 120 95 NBA

BY: Basâ€¦ https://t.co/zLfBW9Ha96",No location available.,0,0
MinnesotaTimberwolves,2023-04-18 10:15:04,"The latest Wolves recommendations on YouTube today 
 
https://t.co/6yHfhrzGZg
 
#Basketball #Minneapolis #Minnesotaâ€¦ https://t.co/Srr8RhxsQ4",No location available.,0,0
MinnesotaTimberwolves,2023-04-18 07:00:01,"Shop #Timberwolves  Frames, Puzzles, Prints, Phones Cases, Towels and more @ &gt;&gt; https://t.co/GPmq3rYRyN &lt;&lt;â€¦ https://t.co/PGg9vFT4UP",No location available.,1,0
MinnesotaTimberwolves,2023-04-18 03:06:27,"RT @BrendaSnodgra13: Watch ""Madeline Kingsbury | Timeline &amp; Details of Minnesota Mother of Two"" on YouTube https://t.co/8nNqqmLuPt 
#madeliâ€¦",No location available.,0,0
MinnesotaTimberwolves,2023-04-18 02:22:05,"ä¼‘æš‡ã«å‘ã‹ã†J-Mac
 
https://t.co/Rnb2jgavTS
 
#MinnesotaTimberwolves #ãƒŸãƒã‚½ã‚¿ãƒ†ã‚£ãƒ³ãƒãƒ¼ã‚¦ãƒ«ãƒ–ã‚º https://t.co/rKNSlvvUyW",No location available.,0,0
MinnesotaTimberwolves,2023-04-18 01:54:17,"Nikola Jokic drops an elbow on Anthony Edwards as Denver sends Game 1 message to Timberwolves
 #AnthonyEdwardsâ€¦ https://t.co/3cABtsA9Uz",No location available.,0,0
MinnesotaTimberwolves,2023-04-18 01:49:38,Denver Nuggets vs Minnesota Timberwolves is on Sky Sport NBA Italia HD. With commentary from Alessandro Mamoli. Co-â€¦ https://t.co/msycNqxxDY,No location available.,0,0
MinnesotaTimberwolves,2023-04-18 01:44:45,"Nikola Jokic drops an elbow on Anthony Edwards as Denver sends Game 1 message to Timberwolves
 #AnthonyEdwardsâ€¦ https://t.co/HVK5KFymRT",No location available.,0,0
MinnesotaTimberwolves,2023-04-18 01:34:37,"Nikola Jokic drops an elbow on Anthony Edwards as Denver sends Game 1 message to Timberwolves
 #AnthonyEdwardsâ€¦ https://t.co/VQNXUXU50J",No location available.,0,0
MinnesotaTimberwolves,2023-04-18 01:21:02,RT @mzslsports: @DJMattieC_MZ28 Mattie says the #minnesotatimberwolvesğŸ€ lack veteran leadership #wolvesbackğŸº https://t.co/JUxIfBOe90,No location available.,0,-1
MinnesotaTimberwolves,2023-04-18 00:37:36,"VIDEO:  The Timberwolves Are SCREWED.

BY: Sporting Logically 

https://t.co/XCpX4oBfJ8 - #1 Site For NBA Creatorsâ€¦ https://t.co/cmaM7yk0zs",No location available.,0,-1
MinnesotaTimberwolves,2023-04-18 00:24:35,@DJMattieC_MZ28 Mattie says the #minnesotatimberwolvesğŸ€ lack veteran leadership #wolvesbackğŸº https://t.co/JUxIfBOe90,No location available.,2,-1
MinnesotaTimberwolves,2023-04-17 23:54:43,#MinnesotaTimberwolves vs. #DenverNuggets  #NBA #NBAPlayoffs Predictions #NBA2K23 #Minnesota #Timberwolvesâ€¦ https://t.co/tjCyOWwLvo,No location available.,0,0
MinnesotaTimberwolves,2023-04-17 23:34:26,"VIDEO:  Josh Giddey 6 pts 5 reb 4 ast vs Minnesota Timberwolves | 2023-04-14

BY: Basketball Highlightsâ€¦ https://t.co/uwuRbqYgiO",No location available.,0,0
MinnesotaTimberwolves,2023-04-17 22:22:31,"VIDEO:  â€œWe're In A Great Spot.â€ | Karl-Anthony Towns Shootaround Sound | 04.16.23

BY: Minnesota Timberwolvesâ€¦ https://t.co/uKjejwdic0",No location available.,1,1
MinnesotaTimberwolves,2023-04-17 22:22:14,"VIDEO:  ""That's Really Just My Game, Being Unselfish."" | Kyle Anderson Shootaround Sound | 04.16.23

BY: Minnesotaâ€¦ https://t.co/Z8PRk7hgdC",No location available.,1,0
MinnesotaTimberwolves,2023-04-17 22:18:31,"VIDEO:  â€œWe Gotta Move On. Get Ready For The Next One.â€ | Karl-Anthony Towns Postgame Sound | 04.16.23

BY: Minnesoâ€¦ https://t.co/4JTBxBQraK",No location available.,1,1
MinnesotaTimberwolves,2023-04-17 22:14:44,"VIDEO:  Anthony Edwards: High-Energy Player of the Week, Presented by Xcel Energy | April 10 - 17, 2023

BY: Minnesâ€¦ https://t.co/rdwOvbBauq",No location available.,0,1
MinnesotaTimberwolves,2023-04-17 19:57:05,"ãƒŸãƒã‚½ã‚¿ #ãƒ†ã‚£ãƒ³ãƒãƒ¼ã‚¦ãƒ«ãƒ–ã‚º vs ãƒ‡ãƒ³ãƒãƒ¼ ãƒŠã‚²ãƒƒãƒ„ ã‚²ãƒ¼ãƒ  1 |  ...
 
https://t.co/SUycKARXBJ
 
#ESPN #MinnesotaTimberwolves #NBAãƒ©ã‚¤ãƒ–2022â€¦ https://t.co/tcRgq1LbL1",No location available.,0,0
MinnesotaTimberwolves,2023-04-17 19:33:37,#MinnesotaTimberwolves vs. #DenverNuggets  #NBA #NBAPlayoffs Predictions #NBA2K23 #Minnesota #Timberwolvesâ€¦ https://t.co/sfJMZLriOw,No location available.,0,0
MinnesotaTimberwolves,2023-04-17 19:33:36,#MinnesotaTimberwolves vs. #DenverNuggets | 2022-23 #NBA #NBAPlayoffs | Predictions #NBA2K23 #Minnesotaâ€¦ https://t.co/FZdJEzJe1F,No location available.,0,0
MinnesotaTimberwolves,2023-04-17 19:33:35,#MinnesotaTimberwolves vs. #DenverNuggets  #NBA #NBAPlayoffs Predictions #NBA2K23 #Minnesota #Timberwolvesâ€¦ https://t.co/V8KrpGlnWO,No location available.,0,0
MinnesotaTimberwolves,2023-04-17 19:33:34,#MinnesotaTimberwolves vs. #DenverNuggets  #NBA #NBAPlayoffs Predictions #NBA2K23 #Minnesota #Timberwolvesâ€¦ https://t.co/paJHUHodhr,No location available.,0,0
MinnesotaTimberwolves,2023-04-17 19:33:33,#MinnesotaTimberwolves vs #DenverNuggets  #NBA #NBAPlayoffs Predictions #NBA2K23 #Minnesota #Timberwolvesâ€¦ https://t.co/p38y3Yp6iF,No location available.,0,0
MinnesotaTimberwolves,2023-04-17 19:33:33,#MinnesotaTimberwolves vs. #DenverNuggets  #NBA #NBAPlayoffs Predictions #NBA2K23 #Minnesota #Timberwolvesâ€¦ https://t.co/QFPrm5Sklq,No location available.,0,0
MinnesotaTimberwolves,2023-04-17 17:57:02,"VIDEO:  â€œWe're Gonna Figure Some Things Out. We're Gonna Be Better.â€ | Chris Finch Postgame Sound | 04.16.23

BY: Mâ€¦ https://t.co/kWnJoOlWSt",No location available.,0,0
MinnesotaTimberwolves,2023-04-17 15:04:43,"https://t.co/uuUkC7IfYZ

Los Nuggets de Denver aplastaron a los Timberwolves de Minnesota por 109-80 en el primer jâ€¦ https://t.co/MP1bYOyMfZ",No location available.,0,0
MinnesotaTimberwolves,2023-04-17 13:47:57,"VIDEO:  â€œIt's One Game. Next Game Could Be Completely Different.â€ | Mike Conley Postgame Sound | 04.16.23

BY: Minnâ€¦ https://t.co/Kh9z2m1WAB",No location available.,0,0
MinnesotaTimberwolves,2023-04-17 13:28:33,"VIDEO:  Rudy Gobert Drops DOUBLE-DOUBLE in WIN Over Thunder | 04.14.23

CREATOR: Minnesota Timberwolves 

LIKE IT -â€¦ https://t.co/nevH9KUTKW",No location available.,0,1
MinnesotaTimberwolves,2023-04-17 13:28:11,"VIDEO:  Timberwolves eliminate OKC Thunder to advance to NBA Playoffs and vs Denver Nuggets

CREATOR: Chaz NBA 

LIâ€¦ https://t.co/WBbbpeWpff",No location available.,0,0
MinnesotaTimberwolves,2023-04-17 13:28:09,"VIDEO:  Timberwolves eliminate OKC Thunder to advance to NBA Playoffs and vs Denver Nuggets

CREATOR: Chaz NBA 

LIâ€¦ https://t.co/Yvzz94GPAp",No location available.,0,0
MinnesotaTimberwolves,2023-04-17 13:28:09,"VIDEO:  Minnesota Timberwolves versus Oklahoma City thunder play in post game

CREATOR: The WhatMoreDoYouWant Netwoâ€¦ https://t.co/AlAybD62Tj",No location available.,0,1
MinnesotaTimberwolves,2023-04-17 13:27:51,"VIDEO:  Minnesota Timberwolves Defeat Oklahoma City Thunder In WIN To Get Into Playoffs, 120 - 95 | 04.14.23

CREATâ€¦ https://t.co/0nQOiX1yzK",No location available.,0,1
MinnesotaTimberwolves,2023-04-17 12:38:41,"VIDEO:  Karl-Anthony Towns Postgame Interview | Minnesota Timberwolves beat Oklahoma City Thunder 120-95

CREATOR:â€¦ https://t.co/34sEwqWkWk",No location available.,0,0
MinnesotaTimberwolves,2023-04-17 12:33:44,"VIDEO:  NUGGETS VS TWOLVES FIRST ROUND PREVIEW! Ferro Picks Who Will Win This Series &amp; In How Many Games

CREATOR:â€¦ https://t.co/LFMIZ52gOR",No location available.,0,1
MinnesotaTimberwolves,2023-04-17 12:27:40,"VIDEO:  Rudy Gobert Highlights | Timberwolves vs. Thunder | 14th Apr 2023

CREATOR: Cookies &amp; Kareem 

LIKE IT - Suâ€¦ https://t.co/nnzuzjTFIZ",No location available.,0,1
MinnesotaTimberwolves,2023-04-17 12:27:36,"VIDEO:  Karl-Anthony Towns Highlights | Timberwolves vs. Thunder | 14th Apr 2023

CREATOR: Cookies &amp; Kareem 

LIKEâ€¦ https://t.co/06jkTGWuUE",No location available.,0,0
MinnesotaTimberwolves,2023-04-17 12:26:46,"VIDEO:  Nickeil Alexander-Walker Highlights | Timberwolves vs. Thunder | 14th Apr 2023

CREATOR: Cookies &amp; Kareemâ€¦ https://t.co/VSOVcxSFSI",No location available.,0,0
MinnesotaTimberwolves,2023-04-17 12:26:18,"VIDEO:  Anthony Edwards 19 pts 10 reb 6 ast vs Oklahoma City Thunder | 2023-04-14

CREATOR: Basketball Highlightsâ€¦ https://t.co/DXN8ylKRov",No location available.,0,0
MinnesotaTimberwolves,2023-04-17 12:24:55,"VIDEO:  Shai Gilgeous-Alexander 22 pts 7 reb 3 ast vs Minnesota Timberwolves | 2023-04-14

CREATOR: Basketball Highâ€¦ https://t.co/AtePaq3ZsA",No location available.,0,0
MinnesotaTimberwolves,2023-04-17 12:23:30,"VIDEO:  Dario Saric 2 pts 2 reb 1 stl vs Minnesota Timberwolves | 2023-04-14

CREATOR: Basketball Highlights 

LIKEâ€¦ https://t.co/jevDk3YJzA",No location available.,0,0
MinnesotaTimberwolves,2023-04-17 11:36:05,"Game Thread: #Minnesota #Timberwolves (0-0) at Denver Nuggets (0-0) Apr 16 2023 9:30 PM 
 
https://t.co/h5jm3zVfh4â€¦ https://t.co/4o5txhgLKH",No location available.,0,0
MinnesotaTimberwolves,2023-04-17 11:30:05,"ã‚²ãƒ¼ãƒ  ã‚¹ãƒ¬ãƒƒãƒ‰: ãƒŸãƒã‚½ã‚¿ ãƒ†ã‚£ãƒ³ãƒãƒ¼ã‚¦ãƒ«ãƒ–ã‚º (0-0) å¯¾ ãƒ‡ãƒ³ãƒãƒ¼ ãƒŠã‚²ãƒƒãƒ„ (0-0) 2023 å¹´ 4 æœˆ 16 æ—¥ 21:30
 
https://t.co/Z2PXBN5X3Xâ€¦ https://t.co/lbV4MOeJWE",No location available.,0,0
MinnesotaTimberwolves,2023-04-17 07:36:57,â€˜Very excitedâ€™: Jamal Murray reacts on first playoff game since 2020 Bubble in G1 dub over Wolves #DenverNuggetsâ€¦ https://t.co/usk0NralWS,No location available.,0,1
MinnesotaTimberwolves,2023-04-17 07:31:04,"ğŸ˜¥ On ANALYSE le DÃ‰RAPAGE de Rudy GOBERT et l'affaire Kyle ANDERSON !
 
https://t.co/8CyaTKeqUq
 
#Basketâ€¦ https://t.co/YMbDqOtDzm",No location available.,1,0
MinnesotaTimberwolves,2023-04-17 07:25:48,"ğŸ€ â€¢ ğŸ”´ #DenverNuggets le ganan comodamente a los #MinnesotaTimberwolves

#JamalMurray: 24 pts, 8 rebs, 8 astsâ€¦ https://t.co/H6A74yk0Im",No location available.,1,0
MinnesotaTimberwolves,2023-04-17 07:09:18,"Is Wolves center Rudy Gobert playing vs. Nuggets?
 #DenverNuggets #MinnesotaTimberwolves #RudyGobert
https://t.co/XpL2KgFR6V",No location available.,0,1
MinnesotaTimberwolves,2023-04-17 07:02:30,"#DenverNuggets - #MinnesotaTimberwolves 109:80
#NBA #NBAPlayoffs
ğŸ‡ºğŸ‡¸ğŸ€ğŸ†ğŸ‡ºğŸ‡¸ğŸ€ğŸ†

More info: https://t.co/hUy7eMuks5 https://t.co/L8MpwPHszK",No location available.,0,0
MinnesotaTimberwolves,2023-04-17 06:59:22,"Is Wolves center Rudy Gobert playing vs. Nuggets?
 #DenverNuggets #MinnesotaTimberwolves #RudyGobert
https://t.co/0rh0AFwQ75",No location available.,0,1
MinnesotaTimberwolves,2023-04-17 06:54:21,Denver corrige les Timberwolves dans l'acte 1 https://t.co/V8LcysKSht #NBA #MinnesotaTimberwolves #DenverNuggets,No location available.,1,0
MinnesotaTimberwolves,2023-04-17 06:49:54,"Is Wolves center Rudy Gobert playing vs. Nuggets?
 #DenverNuggets #MinnesotaTimberwolves #RudyGobert
https://t.co/Ima8Thr9uh",No location available.,0,1
MinnesotaTimberwolves,2023-04-17 06:44:05,"ã€Œãã‚Œã¯æœ¬å½“ã«ç§ã®ã‚²ãƒ¼ãƒ ã§ã‚ã‚Šã€åˆ©å·±çš„ã§ã¯ã‚ã‚Šã¾ã› ...
 
https://t.co/dSXXjF5Hxt
 
#KarlAnthonyTowns #KAT #rudygobert #ãƒŸãƒã‚½ã‚¿ #èŸ»â€¦ https://t.co/JHxUUpszJr",No location available.,0,0
MinnesotaTimberwolves,2023-04-17 06:09:02,"3 bold predictions for 2023 NBA Playoffs vs. Nuggets
 #MinnesotaTimberwolves #NBAPlayoffs
https://t.co/BNqIUpPbEE",No location available.,0,1
MinnesotaTimberwolves,2023-04-17 05:59:28,"ğŸš¨DENVER QUIERE SU RESPETO

ğŸ‘‰ğŸ¼DespuÃ©s de cerrar la temporada regular con muchas dudas para los aficionados, Nuggetsâ€¦ https://t.co/htf94aTLKv",No location available.,1,0
MinnesotaTimberwolves,2023-04-17 05:59:06,"3 bold predictions for 2023 NBA Playoffs vs. Nuggets
 #MinnesotaTimberwolves #NBAPlayoffs
https://t.co/v5GjqjQKba",No location available.,0,1
MinnesotaTimberwolves,2023-04-17 05:48:52,"3 bold predictions for 2023 NBA Playoffs vs. Nuggets
 #MinnesotaTimberwolves #NBAPlayoffs
https://t.co/GSEEWgCu4l",No location available.,0,1
MinnesotaTimberwolves,2023-04-17 05:25:00,"#NBA 2022-2023 ğŸ‡ºğŸ‡²ğŸ†ğŸ€

""First Round Conferencia Oeste"".
Partido #1.
(Resultado Final):

#DenverNuggets |â€¦ https://t.co/dLQLc7dP1K",No location available.,0,0
MinnesotaTimberwolves,2023-04-17 05:24:24,The (1)Denver Nuggets defeat the (8)Minnesota Timberwolves 109-80 in Game 1 to take 1-0 series lead.â€¦ https://t.co/23fbVL9Jgp,"Florida, USA, United States",0,-1
MinnesotaTimberwolves,2023-04-17 05:13:53,Puntos del #DenverNuggets 109 - 80 #MinnesotaTimberwolves en #Biwenger https://t.co/QvHWKx98X4 https://t.co/B89X1KVVZq,No location available.,0,0
MinnesotaTimberwolves,2023-04-17 04:49:41,Turn the lights off goodnight #MinnesotaTimberwolves ğŸ˜‚ğŸ˜‚,No location available.,0,0
MinnesotaTimberwolves,2023-04-17 04:48:03,"[Canis Hoopus] NAW in the white uni with the starters and Slow-Mo ... 
 
https://t.co/QMJoGdJGZu
 
#Basketballâ€¦ https://t.co/QLgOtOek4x",No location available.,0,0
MinnesotaTimberwolves,2023-04-17 04:40:30,#denvernuggets #minnesotatimberwolves slow-Mo getting fired up ğŸ”¥ #nba https://t.co/CBmh5Qiw1d,No location available.,8,-1
MinnesotaTimberwolves,2023-04-17 04:39:48,&amp; I know the heat played on Friday too but the bucks best player went down early..so itâ€™s not comparable in my opinâ€¦ https://t.co/892gUSWXJ2,No location available.,0,1
MinnesotaTimberwolves,2023-04-17 04:35:35,I know I said I was turning the game off but why is Anthony Edwards sitting so long..Denver canâ€™t miss everything gâ€¦ https://t.co/lPKldkb3rC,No location available.,1,-1
MinnesotaTimberwolves,2023-04-17 04:31:34,"Timberwolves should just call it a night. 

And Iâ€™m not sure why they scheduled two not-so-Western teams as the lasâ€¦ https://t.co/y91tHEvRj6",No location available.,0,-1
MinnesotaTimberwolves,2023-04-17 04:30:42,Minnesota Timberwolves #minnesotatimberwolves #minnesota #nba #basketball #minnesotacheck #ballislifeğŸ€ #sports https://t.co/9CYV3lspgG,No location available.,0,0
MinnesotaTimberwolves,2023-04-17 04:29:34,Karl-Anthony Towns is just rushing everything. itâ€™s clear he doesnâ€™t see the floor and that fundamentally the gameâ€¦ https://t.co/CyMCA7HtJh,No location available.,4,1
MinnesotaTimberwolves,2023-04-17 04:28:22,Karl Anthony Towns 2/10 &amp; 4 turnovers with &amp; missed every free throw..they did only have 1 day of rest so maybe itâ€™â€¦ https://t.co/K8pnMiCNhc,No location available.,1,1
MinnesotaTimberwolves,2023-04-17 03:53:35,"This is still unbelievable, and every time I watch #RudyGobert play its literally a reminder that I chose the wrongâ€¦ https://t.co/cJjnzOOc83",No location available.,0,1
MinnesotaTimberwolves,2023-04-17 03:52:44,"@Boness305 You're sleeping on the underdogs! The Wolves are hungry for a win and can surprise anyone, including theâ€¦ https://t.co/MDejahVUde",No location available.,0,1
MinnesotaTimberwolves,2023-04-17 03:39:03,"RT @postupvideos: VIDEO:  Timberwolves' Chris Finch on Rudy Gobert PUNCH, Jaden McDaniels PUNCH

CREATOR: TJ Sports USA 

LIKE IT - Supportâ€¦",No location available.,0,1
MinnesotaTimberwolves,2023-04-17 03:33:29,This Denver Timberwolves game boring as hell lol..Hopefully they turn up..#MinnesotaTimberwolves #DenverNuggets,No location available.,1,-1
MinnesotaTimberwolves,2023-04-17 03:14:33,Aaron Gordon of the Denver Nuggets just made an insane dunk of the year against the Minnesota Timberwolves! Don't mâ€¦ https://t.co/VJWuDHc9KD,No location available.,0,-1
MinnesotaTimberwolves,2023-04-17 03:05:33,"Denver Nuggets - Minnesota Timberwolves

Bet slip link: https://t.co/iPJXkMH8AK

#DenverNuggetsâ€¦ https://t.co/AioxGHMlcX",No location available.,0,0
MinnesotaTimberwolves,2023-04-17 01:31:03,"Mon, 17th Apr: #DenverNuggets vs #MinnesotaTimberwolves - ODD @ 2.02
More details on: https://t.co/fnq7J0KcWAâ€¦ https://t.co/DtbWh0feQM",No location available.,1,-1
MinnesotaTimberwolves,2023-04-17 01:30:28,"Dogs are barking loud tin the NBA today. We got room for one more KAT?? ğŸ¤

#MinnesotaTimberwolves #KarlAnthonyTownsâ€¦ https://t.co/hqt3n0uh5o",No location available.,1,0
MinnesotaTimberwolves,2023-04-17 01:08:42,#MinnesotaTimberwolves vs. #DenverNuggets 2022-23 #NBA #NBAPlayoffs Predictions #NBA2K23 #Minnesota #Timberwolvesâ€¦ https://t.co/ZxlCoEYTcL,No location available.,0,0
MinnesotaTimberwolves,2023-04-17 01:08:37,#MinnesotaTimberwolves vs. #DenverNuggets | 2022-23 #NBA #NBAPlayoffs | Predictions #NBA2K23 #Minnesotaâ€¦ https://t.co/DGsyWeMnT0,No location available.,0,0
MinnesotaTimberwolves,2023-04-17 00:54:05,"ã€ã‚¦ãƒ«ãƒ–ã‚ºvsOKCã€‘â‘ ãƒ—ãƒ¬ãƒ¼ã‚¤ãƒ³ï¼’å›æˆ¦ï¼ã‚¤ãƒ³ã‚µã‚¤ãƒ‰ã§ã¯ã‚¦ãƒ«ãƒ–ã‚ºãŒå„ªå‹¢ï¼âã‚¶ ...
 
https://t.co/jsmzxy8eXt
 
#ãƒã‚¹ã‚± #Beaballer #MinnesotaTimberwolves #NBAâ€¦ https://t.co/bqOtAlsHUp",No location available.,0,0
MinnesotaTimberwolves,2023-04-17 00:37:30,SHARE THIS VIDEO FOR GOOD LUCK TONIGHT!! GO TIMBERWOLVES!! #RaisedByWolves  #wolvesback #timberwolves #nbaâ€¦ https://t.co/qByNNpbUu0,No location available.,0,1
MinnesotaTimberwolves,2023-04-16 22:04:39,"NBA playoffs ğŸ€
Game 1: Minnesota at Denver, 7:30 pm
#nba #nbaplayoffs #minnesotatimberwolves #blueoxtavern https://t.co/Xc3gulzYpG","Las Vegas, NV, United States",1,0
MinnesotaTimberwolves,2023-04-16 21:45:05,"ã€Œå®Ÿè¡Œã¯ãƒã‚¤ãƒ¬ãƒ™ãƒ«ã§ã‚ã‚‹ã¨æœŸå¾…ã—ã¦ã„ã¾ã™ã€‚ã€  | ...
 
https://t.co/mjNjbxnPjr
 
#KarlAnthonyTowns #KAT #rudygobert #ãƒŸãƒã‚½ã‚¿ #èŸ»â€¦ https://t.co/QgEwyjuLex",No location available.,0,0
MinnesotaTimberwolves,2023-04-16 20:57:17,RT @MadeonRidgeway: Made on Ridgeway Daily Bet #14 Denver Nuggets Vs Minnesota Timberwolves #NBAğŸ“· #denvernuggets #minnesotatimberwolves #gaâ€¦,No location available.,0,0
MinnesotaTimberwolves,2023-04-16 19:25:29,Made on Ridgeway Daily Bet #14 Denver Nuggets Vs Minnesota Timberwolves #NBAğŸ“· #denvernuggets #minnesotatimberwolvesâ€¦ https://t.co/OQe13wTXXL,No location available.,1,0
MinnesotaTimberwolves,2023-04-16 19:07:17,"Timberwolves' Rudy Gobert injury update for Game 1 vs. Nuggets
 #DenverNuggets #MinnesotaTimberwolves #NBAPlayoffsâ€¦ https://t.co/QF42URA47s",No location available.,0,-1
MinnesotaTimberwolves,2023-04-16 18:57:44,"Timberwolves' Rudy Gobert injury update for Game 1 vs. Nuggets
 #DenverNuggets #MinnesotaTimberwolves #NBAPlayoffsâ€¦ https://t.co/sJTjXZQM9k",No location available.,0,-1
MinnesotaTimberwolves,2023-04-16 18:47:45,"Timberwolves' Rudy Gobert injury update for Game 1 vs. Nuggets
 #DenverNuggets #MinnesotaTimberwolves #NBAPlayoffsâ€¦ https://t.co/nzEAqSUB4K",No location available.,0,-1
MinnesotaTimberwolves,2023-04-16 18:31:07,"ã€ã‚µã‚¤ã‚ºï¼†ãƒ‘ãƒ¯ãƒ¼ã§åœ§å€’ğŸ˜¤ã€‘é©šãã®ã‚¹ãƒ¼ãƒ‘ãƒ¼ã‚·ãƒ§ãƒƒãƒˆã‚‚ï¼ ã‚«ãƒ¼ãƒ«ãƒ»ã‚¢ãƒ³ã‚½ãƒ‹ãƒ¼ãƒ»ã‚¿ã‚¦ãƒ³ã‚ºãŒ2 ...
 
https://t.co/xmnWz749Jb
 
#ãƒã‚¹ã‚± #Hachimura #LeBronâ€¦ https://t.co/P9c9vKLRgB",No location available.,0,0
MinnesotaTimberwolves,2023-04-16 18:18:03,"RT @VSiNLive: Betting on the #DenverNuggets Vs. #MinnesotaTimberwolves matchup?

Senior NBA analyst @meJVT previews the first round seriesâ€¦",No location available.,0,0
MinnesotaTimberwolves,2023-04-16 18:15:07,"Betting on the #DenverNuggets Vs. #MinnesotaTimberwolves matchup?

Senior NBA analyst @meJVT previews the first rouâ€¦ https://t.co/OzkM7p8051",No location available.,1,0
MinnesotaTimberwolves,2023-04-16 17:06:36,"La cuidad de Sacramento tuvieron que esperar 16 aÃ±os para volver a vivir un juego de Playoffs ğŸ¥¹

#NBA #NBATVâ€¦ https://t.co/Vi00BL5rC8",No location available.,1,0
MinnesotaTimberwolves,2023-04-16 16:50:13,#MinnesotaTimberwolves vs. #DenverNuggets #NBA #NBAPlayoffs Predictions #NBA2K23 #Minnesota #Timberwolvesâ€¦ https://t.co/sshpNFB3E6,No location available.,0,0
MinnesotaTimberwolves,2023-04-16 16:50:13,#MinnesotaTimberwolves vs. #DenverNuggets #NBA #NBAPlayoffs Predictions #NBA2K23 #Minnesota #Timberwolvesâ€¦ https://t.co/oiJlN5RnY2,No location available.,0,0
MinnesotaTimberwolves,2023-04-16 16:50:12,#MinnesotaTimberwolves vs. #DenverNuggets #NBA #NBAPlayoffs Predictions #NBA2K23 #Minnesota #Timberwolvesâ€¦ https://t.co/PJMl2YMClq,No location available.,0,0
MinnesotaTimberwolves,2023-04-16 16:50:12,#MinnesotaTimberwolves vs. #DenverNuggets | 2023 #NBA #NBAPlayoffs | Predictions #NBA2K23 #Minnesota #Timberwolvesâ€¦ https://t.co/u3CYBimFzJ,No location available.,0,0
MinnesotaTimberwolves,2023-04-16 16:50:11,#MinnesotaTimberwolves vs #DenverNuggets #NBA #NBAPlayoffs Predictions #NBA2K23 #Minnesota #Timberwolvesâ€¦ https://t.co/wViu6jBbGL,No location available.,0,0
MinnesotaTimberwolves,2023-04-16 16:50:10,#MinnesotaTimberwolves vs. #DenverNuggets  #NBA #NBAPlayoffs Predictions #NBA2K23 #Minnesota #Timberwolvesâ€¦ https://t.co/WbdKFUNpZa,No location available.,0,0
MinnesotaTimberwolves,2023-04-16 16:50:09,#MinnesotaTimberwolves vs. #DenverNuggets  #NBA #NBAPlayoffs Predictions #NBA2K23 #Minnesota #Timberwolvesâ€¦ https://t.co/Y4hbWuM0tT,No location available.,0,0
MinnesotaTimberwolves,2023-04-16 16:50:09,#MinnesotaTimberwolves vs. #DenverNuggets 2023 #NBA #NBAPlayoffs Predictions #NBA2K23 #Minnesota #Timberwolvesâ€¦ https://t.co/GtVNK4jDtZ,No location available.,0,0
MinnesotaTimberwolves,2023-04-16 16:50:08,#MinnesotaTimberwolves vs #DenverNuggets 2023 #NBA #NBAPlayoffs Predictions #NBA2K23 #Minnesota #Timberwolvesâ€¦ https://t.co/QNxkqFwV2E,No location available.,0,0
MinnesotaTimberwolves,2023-04-16 16:50:08,#MinnesotaTimberwolves vs. #DenverNuggets | 2023 #NBA #NBAPlayoffs | Predictions #NBA2K23 #Minnesota #Timberwolvesâ€¦ https://t.co/oog0fRKaDB,No location available.,0,0
MinnesotaTimberwolves,2023-04-16 16:50:07,#MinnesotaTimberwolves vs. #DenverNuggets  #NBA #NBAPlayoffs Predictions #NBA2K23 #Minnesota #Timberwolvesâ€¦ https://t.co/IKcHU2IuqK,No location available.,0,0
MinnesotaTimberwolves,2023-04-16 16:41:05,"https://t.co/ePAjapal0j

#MinnesotaTimberwolves vs. #DenverNuggets | 2022-23 #NBA #NBASeason #NBAPlayoffs | Predictâ€¦ https://t.co/F3VXWiaZfD",No location available.,0,0
MinnesotaTimberwolves,2023-04-16 15:47:03,"Me going into work the next 2 months 
 
https://t.co/KcsysczBG2
 
#Basketball #Minneapolis #Minnesotaâ€¦ https://t.co/4YE4GbJqR7",No location available.,0,0
MinnesotaTimberwolves,2023-04-16 14:56:04,"ç§ã¯æ¬¡ã®2ã‹æœˆã§ä»•äº‹ã«è¡Œãã¾ã™
 
https://t.co/vUEZGxLlY4
 
#MinnesotaTimberwolves #ãƒŸãƒã‚½ã‚¿ãƒ†ã‚£ãƒ³ãƒãƒ¼ã‚¦ãƒ«ãƒ–ã‚º https://t.co/oE1VxZUjCm",No location available.,0,0
MinnesotaTimberwolves,2023-04-16 14:22:21,RT @edrobinson82: @JacksonLloydNBA #JacksonLloyd was asked  about #KarlAnthonyTowns' future with the #MinnesotaTimberwolves. #NBA #Timberwoâ€¦,No location available.,0,0
MinnesotaTimberwolves,2023-04-16 12:44:01,"bold predictions for 2023 NBA Playoffs vs. Timberwolves
 #DenverNuggets #JamalMurray #MinnesotaTimberwolvesâ€¦ https://t.co/7xyyEtTioh",No location available.,0,1
MinnesotaTimberwolves,2023-04-16 12:24:20,"bold predictions for 2023 NBA Playoffs vs. Timberwolves
 #DenverNuggets #JamalMurray #MinnesotaTimberwolvesâ€¦ https://t.co/NuZaP9WJ4p",No location available.,1,1
MinnesotaTimberwolves,2023-04-16 10:47:17,"3 reasons Denver will beat Timberwolves in NBA Playoffs
 #DenverNuggets #MichaelPorterJr. #MinnesotaTimberwolvesâ€¦ https://t.co/zO0floklku",No location available.,0,0
MinnesotaTimberwolves,2023-04-16 10:37:47,"3 reasons Denver will beat Timberwolves in NBA Playoffs
 #DenverNuggets #MichaelPorterJr. #MinnesotaTimberwolvesâ€¦ https://t.co/x9FOcujk02",No location available.,0,0
MinnesotaTimberwolves,2023-04-16 10:27:49,"3 reasons Denver will beat Timberwolves in NBA Playoffs
 #DenverNuggets #MichaelPorterJr. #MinnesotaTimberwolvesâ€¦ https://t.co/RTVl5iCM1q",No location available.,0,0
MinnesotaTimberwolves,2023-04-16 08:37:04,"ãƒ†ã‚£ãƒ³ãƒãƒ¼ã‚¦ãƒ«ãƒ–ã‚ºã¯ã­ã˜è¾¼ã¾ã‚Œã¦ã„ã¾ã™ã€‚
 
https://t.co/aavEa33vdP
 
#MinnesotaTimberwolves #NBAãƒˆãƒ¬ãƒ¼ãƒ‰ãƒ‹ãƒ¥ãƒ¼ã‚¹ #Nbaãƒˆãƒ¬ãƒ¼ãƒ‰ã®å™‚ #NBAã®å™‚â€¦ https://t.co/H9tJIum4Vu",No location available.,0,0
MinnesotaTimberwolves,2023-04-16 05:45:20,"Karl-Anthony Towns on Nickeil Alexander-Walker serving as X-factor vs Thunder
 #KarlAnthonyTownsâ€¦ https://t.co/a3efajyLSG",No location available.,0,0
MinnesotaTimberwolves,2023-04-16 05:35:43,"Karl-Anthony Towns on Nickeil Alexander-Walker serving as X-factor vs Thunder
 #KarlAnthonyTownsâ€¦ https://t.co/yxqJ5Gr7h4",No location available.,0,0
MinnesotaTimberwolves,2023-04-16 05:25:21,"Karl-Anthony Towns on Nickeil Alexander-Walker serving as X-factor vs Thunder
 #KarlAnthonyTownsâ€¦ https://t.co/3ZnsXkUcIm",No location available.,0,0
MinnesotaTimberwolves,2023-04-16 05:05:42,"What2Watch #TV- #NBAPlayoffs: #DenverNuggets/#MinnesotaTimberwolves; Who U got- #Nuggets/#Timberwolves?
@NBATV
@NBAonTNT
@ESPNNBA
#NBAonABC",No location available.,0,0
MinnesotaTimberwolves,2023-04-16 04:03:08,"Jordan Clarkson reacts to Rudy Gobert's epic handles vs. Thunder
 #JordanClarkson #MinnesotaTimberwolvesâ€¦ https://t.co/RfRNs7lc1y",No location available.,0,0
MinnesotaTimberwolves,2023-04-16 03:53:47,"Jordan Clarkson reacts to Rudy Gobert's epic handles vs. Thunder
 #JordanClarkson #MinnesotaTimberwolvesâ€¦ https://t.co/hJ0Z9Jxym2",No location available.,0,0
MinnesotaTimberwolves,2023-04-16 03:43:28,"Jordan Clarkson reacts to Rudy Gobert's epic handles vs. Thunder
 #JordanClarkson #MinnesotaTimberwolvesâ€¦ https://t.co/BPI4T5R7OD",No location available.,0,0
MinnesotaTimberwolves,2023-04-16 03:02:38,"Nikola Jokic, Nuggets get Minnesota warning from Kendrick Perkins
 #DenverNuggets #KendrickPerkinsâ€¦ https://t.co/yjqXS09OOw",No location available.,0,-1
MinnesotaTimberwolves,2023-04-16 02:52:54,"Nikola Jokic, Nuggets get Minnesota warning from Kendrick Perkins
 #DenverNuggets #KendrickPerkinsâ€¦ https://t.co/6vsZk8Mvc6",No location available.,0,-1
MinnesotaTimberwolves,2023-04-16 02:42:48,"Nikola Jokic, Nuggets get Minnesota warning from Kendrick Perkins
 #DenverNuggets #KendrickPerkinsâ€¦ https://t.co/hySVMzgXzI",No location available.,0,-1
MinnesotaTimberwolves,2023-04-16 00:00:15,"Anthony Edwards battling injuries, says Jalen Rose
 #AnthonyEdwards #JalenRose #MinnesotaTimberwolves #NBAPlayoffs
https://t.co/oQiIfF0727",No location available.,0,-1
MinnesotaTimberwolves,2023-04-16 00:00:04,"Timberwolves It's #trending now: 
Denver Nuggets will face Minnesota Timberwolves in the first round ...
 More infoâ€¦ https://t.co/Ur17MlcsYP",No location available.,0,0
MinnesotaTimberwolves,2023-04-15 23:50:14,"Anthony Edwards battling injuries, says Jalen Rose
 #AnthonyEdwards #JalenRose #MinnesotaTimberwolves #NBAPlayoffs
https://t.co/MvYBgQZr5A",No location available.,0,-1
MinnesotaTimberwolves,2023-04-15 23:39:43,"Anthony Edwards battling injuries, says Jalen Rose
 #AnthonyEdwards #JalenRose #MinnesotaTimberwolves #NBAPlayoffs
https://t.co/qJdeT80SCf",No location available.,0,-1
MinnesotaTimberwolves,2023-04-15 22:20:13,RT @edrobinson82: @JacksonLloydNBA #JacksonLloyd was asked about the incident between #RudyGobert &amp; #KyleAnderson. #MinnesotaTimberwolves #â€¦,No location available.,0,0
MinnesotaTimberwolves,2023-04-15 21:55:19,RT @edrobinson82: @JacksonLloydNBA #JacksonLloyd was asked about the incident between #RudyGobert &amp; #KyleAnderson. #MinnesotaTimberwolves #â€¦,No location available.,0,0
MinnesotaTimberwolves,2023-04-15 21:54:59,@JacksonLloydNBA #JacksonLloyd was asked about the incident between #RudyGobert &amp; #KyleAnderson.â€¦ https://t.co/KoaZy7jnKZ,No location available.,1,0
MinnesotaTimberwolves,2023-04-15 21:46:32,RT @edrobinson82: @JacksonLloydNBA #JacksonLloyd was asked  about #KarlAnthonyTowns' future with the #MinnesotaTimberwolves. #NBA #Timberwoâ€¦,No location available.,0,0
MinnesotaTimberwolves,2023-04-15 21:46:12,@JacksonLloydNBA #JacksonLloyd was asked  about #KarlAnthonyTowns' future with the #MinnesotaTimberwolves. #NBAâ€¦ https://t.co/LuxMw1apG9,No location available.,1,0
MinnesotaTimberwolves,2023-04-15 20:23:15,"Wolves Vs. Nuggets Game 1 prediction, pick, how to watch â€” 4/16/23
 #DenverNuggets #MinnesotaTimberwolves
https://t.co/nsWSEqjobY",No location available.,0,0
MinnesotaTimberwolves,2023-04-15 20:12:39,"Wolves Vs. Nuggets Game 1 prediction, pick, how to watch â€” 4/16/23
 #DenverNuggets #MinnesotaTimberwolves
https://t.co/blCRjP84IH",No location available.,0,0
MinnesotaTimberwolves,2023-04-15 20:12:39,"Wolves Vs. Nuggets Game 1 prediction, pick, how to watch â€” 4/16/23
 #DenverNuggets #MinnesotaTimberwolves
https://t.co/qeuNEWVp1C",No location available.,0,0
MinnesotaTimberwolves,2023-04-15 20:05:05,"ã€NBAã€‘å…«æ‘å¡ã®å»¶é•·æˆ¦ï¼“ï¼°ã«ãƒ¬ãƒ–ãƒ­ãƒ³ã€ç±³ãƒ¡ãƒ‡ã‚£ã‚¢ãŒæ¼ã‚‰ã—ãŸ""æœ¬éŸ³""ãŒãƒ¤ãƒã„...ã€Œæœ¬å½“ã®ã‚­ãƒ¼ãƒãƒ³ã€ã€Œä¿¡é ¼ã—ã¦ã„ã‚‹ã€ãƒ—ãƒ¬ãƒ¼ã‚¤ãƒ³ãƒ»ãƒˆãƒ¼ ...
 
https://t.co/G5sudh9cyxâ€¦ https://t.co/n0AHTBNFHR",No location available.,1,0
MinnesotaTimberwolves,2023-04-15 20:03:01,"Wolves Vs. Nuggets Game 1 prediction, pick, how to watch â€” 4/16/23
 #DenverNuggets #MinnesotaTimberwolves
https://t.co/jUBSNXQgMs",No location available.,0,0
MinnesotaTimberwolves,2023-04-15 20:00:03,"Minnesota Timberwolves It's #trending now: 
Denver Nuggets will face Minnesota Timberwolves in the first round ...â€¦ https://t.co/2BcTVcMpJL",No location available.,0,0
MinnesotaTimberwolves,2023-04-15 19:37:54,"""You have to go get it, To Win it"" Minnesota Mike!! So glad
@mconley11 is on our WOLVES 
#MinnesotaTimberwolves https://t.co/8bEZaXGz57",No location available.,1,1
MinnesotaTimberwolves,2023-04-15 19:00:03,"Timberwolves It's #trending now: 
Schedule set for Denver Nuggets playoff games, opponent will be ...
 More info?:â€¦ https://t.co/BjeoCOw5OM",No location available.,0,0
MinnesotaTimberwolves,2023-04-15 18:15:56,Nba playoffs prediction nuggets in 5 over the t-wolves  #djbackwards36  #nbaplayoffs #nbafirstround #nbatiktokâ€¦ https://t.co/RLL8eDlPwq,No location available.,0,0
MinnesotaTimberwolves,2023-04-15 18:00:02,"Timberwolves It's #trending now: 
2023 NBA first-round playoff previews: (1) Denver Nuggets vs. (8 ...
 More info?:â€¦ https://t.co/nJmQPyrhNt",No location available.,0,1
MinnesotaTimberwolves,2023-04-15 17:46:41,"On this edition of At The Rim, #JacksonLloyd
from #NBAActionwithJackson &amp; #RollCallSports. We discussâ€¦ https://t.co/Mzex74nwaG",No location available.,0,0
MinnesotaTimberwolves,2023-04-15 17:26:55,"Ende #Basketball Herren #Usa #NBA Aufstieg-Finale 
91:102 ChicagoBulls vs #MiamiHeat 
95:120 OklahomaCityThunder vs #MinnesotaTimberwolves",No location available.,0,0
MinnesotaTimberwolves,2023-04-15 17:20:24,Timberwolves and Heat secure final playoff spots. #BASKETBALL #CHICAGOBULLS #FINAL #GENERALSPORTS #HEAT #MIAMIHEATâ€¦ https://t.co/ZqzubyfvNu,No location available.,0,1
MinnesotaTimberwolves,2023-04-15 17:00:02,"Timberwolves It's #trending now: 
Schedule set for Denver Nuggets playoff games, opponent will be ...
 More info?:â€¦ https://t.co/AoKMaMRFhr",No location available.,0,0
MinnesotaTimberwolves,2023-04-15 16:57:03,"Link: https://t.co/x67i1LrDAj

Tags: #JimmyButler #MaxStrus #MiamiHeat #KarlAnthonyTowns #KAT #RudyGobertâ€¦ https://t.co/bjmAo6EYCe",No location available.,0,0
MinnesotaTimberwolves,2023-04-15 16:05:36,"VIDEO:  Thunder vs Timberwolves (4-14-23) NBA Expert Predictions, Basketball Picks &amp; Best Bets

CREATOR: NBA Picksâ€¦ https://t.co/xvt7CqFPxN",No location available.,0,1
MinnesotaTimberwolves,2023-04-15 16:05:09,"VIDEO:  Oklahoma City Thunder vs Minnesota Timberwolves

CREATOR: Refuse 2 Lose Sports 

LIKE IT - Support This NBAâ€¦ https://t.co/x9hCbhkZ8Z",No location available.,0,1
MinnesotaTimberwolves,2023-04-15 16:01:25,"VIDEO:  â€œI Don't Consider Us As An Eighth Seed.â€ | Rudy Gobert Postgame Sound | 04.14.23

CREATOR: Minnesota Timberâ€¦ https://t.co/CSiQvuxPSZ",No location available.,0,0
MinnesotaTimberwolves,2023-04-15 15:56:32,"VIDEO:  UNDISPUTED - Skip aghast Thunder face Timberwolves looking for play-in sweep

CREATOR: UNDISPUTED TODAY 

Lâ€¦ https://t.co/8OTB3EDf9O",No location available.,0,-1
MinnesotaTimberwolves,2023-04-15 15:55:54,"VIDEO:  ""It Was A Game That Really Showed Us What We Can Be."" | Mike Conley Postgame Sound | 04.14.23

CREATOR: Minâ€¦ https://t.co/tGHWUDOy2e",No location available.,0,0
MinnesotaTimberwolves,2023-04-15 15:54:58,"VIDEO:  ""We're Happy For The Fans, We're Happy For The Organization"" | Chris Finch Postgame Sound | 04.14.23

CREATâ€¦ https://t.co/RPti18qABP",No location available.,0,1
MinnesotaTimberwolves,2023-04-15 15:54:49,"VIDEO:  UNDISPUTED - Skip aghast Thunder face Timberwolves looking for play-in sweep

CREATOR: UNDISPUTED TODAY 

Lâ€¦ https://t.co/0kq4pApqCe",No location available.,0,-1
MinnesotaTimberwolves,2023-04-15 15:53:35,"VIDEO:  Oklahoma City Thunder vs Minnesota Timberwolves FULL GAME Highlight | April 14, 2023 | NBA 2023

CREATOR: Bâ€¦ https://t.co/6rpBsUEWjv",No location available.,0,1
MinnesotaTimberwolves,2023-04-15 15:43:48,"VIDEO:  Chris Finch Postgame Interview | Minnesota Timberwolves beat Oklahoma City Thunder 120-95

CREATOR: NBA Intâ€¦ https://t.co/TdfDNi2N2u",No location available.,0,0
MinnesotaTimberwolves,2023-04-15 15:43:34,"VIDEO:  Oklahoma City Thunder and Minnesota Timberwolves Play in Tournament Post Game Conference Interviews

CREATOâ€¦ https://t.co/y5MDLucHAs",No location available.,0,1
MinnesotaTimberwolves,2023-04-15 14:50:20,Last night I spotted Luka Garza of the #MinnesotaTimberwolves wearing this shirt!  He must be a fan ofâ€¦ https://t.co/j1wJ95vPaF,No location available.,2,1
MinnesotaTimberwolves,2023-04-15 14:42:05,"ã‚²ãƒ¼ãƒ  ã‚¹ãƒ¬ãƒƒãƒ‰: ã‚ªã‚¯ãƒ©ãƒ›ãƒã‚·ãƒ†ã‚£ ã‚µãƒ³ãƒ€ãƒ¼ (40-42) å¯¾ ãƒŸãƒã‚½ã‚¿ ãƒ†ã‚£ãƒ³ãƒãƒ¼ã‚¦ãƒ«ãƒ–ã‚º (42-40) 2023 å¹´ 4  ...
 
https://t.co/Sr9KRDgcSAâ€¦ https://t.co/hIABy4tL73",No location available.,0,0
MinnesotaTimberwolves,2023-04-15 13:59:13,Denver Nuggets vs Minnesota Timberwolves is on TNT App (usa). Coverage presented by Ernie Johnson. Kenny Smith is pâ€¦ https://t.co/9W7PLOWeSN,No location available.,0,0
MinnesotaTimberwolves,2023-04-15 13:24:45,#MinnesotaTimberwolves #AnthonyEdwards Injuries Plague Minnesota Timberwolves in Loss to Oklahoma City Thunderâ€¦ https://t.co/D0oxZKNb8J,No location available.,0,-1
MinnesotaTimberwolves,2023-04-15 13:22:50,"#NBA ğŸ€ #CaracolSports ğŸ¤© | Exponiendo un buen juego y siendo ampliamente superiores a sus rivales, Minnesota Timberwâ€¦ https://t.co/VjukHnDzUH",No location available.,1,0
MinnesotaTimberwolves,2023-04-15 12:36:40,"Karl-Anthony Towns contabilizÃ³ 28 puntos y 11 rebotes para colocar a los #MinnesotaTimberwolves en los #playoffs, gâ€¦ https://t.co/f55MEvsyWA",No location available.,0,0
MinnesotaTimberwolves,2023-04-15 12:13:40,"The 16 NBA playoff groups, ranked by their championship probabilities - 

#BostonCeltics #DenverNuggetsâ€¦ https://t.co/WSqnowV0Pj",No location available.,0,1
MinnesotaTimberwolves,2023-04-15 11:03:45,ğŸ€ â€¢ #MinnesotaTimberwolves DOMINA Y ELIMINA a los #OklahomaCityThunder para asegurar su 8va posiciÃ³n en los playoffâ€¦ https://t.co/Og246y6tQG,No location available.,0,0
MinnesotaTimberwolves,2023-04-15 09:37:23,Playoff Time !! #MinnesotaTimberwolves #RaisedByWolves https://t.co/YCNxBRvM0U,No location available.,0,0
MinnesotaTimberwolves,2023-04-15 09:27:04,Game Thread: Oklahoma City Thunder (40-42) at #Minnesota #Timberwolves (42-40) Apr 14 2023 8:30 PMâ€¦ https://t.co/U12xI6ItRT,No location available.,0,0
MinnesotaTimberwolves,2023-04-15 09:26:20,"RT @Ivoire_eSports: Duel de cousin entre
Nickeil Alexander-Walker vs Shai Gilgeous-Alexander

#MinnesotaTimberwolves 
#OklahomaCity",No location available.,0,0
MinnesotaTimberwolves,2023-04-15 08:22:11,"Anthony Edwards: â€œOnce I found out Rudy was playing, I knew we had the game for sureâ€ #AnthonyEdwardsâ€¦ https://t.co/oC10ZELHfs",No location available.,0,1
MinnesotaTimberwolves,2023-04-15 07:22:27,"#NBA 2022/2023, play-in: passano il turno #MinnesotaTimberwolves e #MiamiHeat, battute #OklahomaCity eâ€¦ https://t.co/wgB6qQrNYg",No location available.,1,0
MinnesotaTimberwolves,2023-04-15 07:05:37,"https://t.co/ueXYdITskC
#NBAPlayoffs #nba #Playoffs #playin #Butler #towns #MiamiHeat #MinnesotaTimberwolves",No location available.,1,0
MinnesotaTimberwolves,2023-04-15 06:59:22,Minnesota Ã©teint le Thunder et rejoint Denver en Playoffs ! https://t.co/3ZGEP9kMh6 #NBA #MinnesotaTimberwolvesâ€¦ https://t.co/3WciPn1TLD,No location available.,0,0
MinnesotaTimberwolves,2023-04-15 06:48:05,"ã€Œæœ€é«˜ã®é¸æ‰‹ã®å¼·ã¿ã‚’ç”Ÿã‹ã—ã¦ãƒ—ãƒ¬ãƒ¼ã—ãªã‘ã‚Œã°ãªã‚‰ãª ...
 
https://t.co/MefIKqJT2P
 
#KarlAnthonyTowns #KAT #rudygobert #ãƒŸãƒã‚½ã‚¿ #èŸ»â€¦ https://t.co/IYdUggV2Ir",No location available.,0,0
MinnesotaTimberwolves,2023-04-15 06:39:36,"Timberwolves' Rudy Gobert questionable for Play-In finale after suspension
 #MinnesotaTimberwolves #RudyGobert
https://t.co/7XaaZLQiQQ",No location available.,0,-1
MinnesotaTimberwolves,2023-04-15 06:29:33,"Timberwolves' Rudy Gobert questionable for Play-In finale after suspension
 #MinnesotaTimberwolves #RudyGobert
https://t.co/F6yK99GfXp",No location available.,0,-1
MinnesotaTimberwolves,2023-04-15 06:19:59,"Timberwolves' Rudy Gobert questionable for Play-In finale after suspension
 #MinnesotaTimberwolves #RudyGobert
https://t.co/gT6QE1QlPu",No location available.,0,-1
MinnesotaTimberwolves,2023-04-15 06:19:59,"Timberwolves' Rudy Gobert questionable for Play-In finale after suspension
 #MinnesotaTimberwolves #RudyGobert
https://t.co/cIx2FQdiNQ",No location available.,0,-1
MinnesotaTimberwolves,2023-04-15 05:41:35,Boom! ğŸ’¥ğŸ’° Another winning day in the NBA play-in games! +3.85 units of profit! ğŸ€ğŸ”¥ Can't wait for the playoffs!â€¦ https://t.co/ay8WW41ZB9,No location available.,0,1
MinnesotaTimberwolves,2023-04-15 05:41:08,"RT @esportenaband: QUEM GANHAR ESTÃ NOS PLAYOFFS! ğŸ”¥
Quais times vÃ£o avanÃ§ar Ã  pÃ³s-temporada da #NBA? ğŸ€

#ChicagoBulls x #MiamiHeat
#OKCThunâ€¦",No location available.,0,0
MinnesotaTimberwolves,2023-04-15 05:38:06,"Is Wolves star Karl-Anthony Towns playing vs. Thunder?
 #KarlAnthonyTowns #MinnesotaTimberwolvesâ€¦ https://t.co/Ebha6kuSPr",No location available.,0,1
MinnesotaTimberwolves,2023-04-15 05:27:57,"Is Wolves star Karl-Anthony Towns playing vs. Thunder?
 #KarlAnthonyTowns #MinnesotaTimberwolvesâ€¦ https://t.co/bDPQ7PMdJG",No location available.,0,1
MinnesotaTimberwolves,2023-04-15 05:21:14,#MinnesotaTimberwolves: 120-95: Towns arrolla a los Thunder y los Wolves se medirÃ¡n a los Nuggets. https://t.co/3MK91EY6TS,No location available.,0,0
MinnesotaTimberwolves,2023-04-15 05:17:51,"Is Wolves star Karl-Anthony Towns playing vs. Thunder?
 #KarlAnthonyTowns #MinnesotaTimberwolvesâ€¦ https://t.co/P0bDXPchV4",No location available.,0,1
MinnesotaTimberwolves,2023-04-15 05:00:02,"Timberwolves It's #trending now: 
FINAL UPDATE: Timberwolves' Injury Report Against The Thunder
 More info?:â€¦ https://t.co/mUYADgtMt7",No location available.,0,-1
MinnesotaTimberwolves,2023-04-15 04:55:15,Minnesota Timberwolves #minnesotatimberwolves #minnesota #nba #basketball #minnesotacheck #ballislifeğŸ€ #sports https://t.co/wKznmEf0W1,No location available.,0,0
MinnesotaTimberwolves,2023-04-15 04:49:30,Dâ€™Angelo Russell no issue on benching in Lakers win vs Wolves #D039AngeloRussell #LosAngelesLakersâ€¦ https://t.co/VvB9VDYlQB,No location available.,0,1
MinnesotaTimberwolves,2023-04-15 04:46:17,"#NBA 2022-2023 ğŸ‡ºğŸ‡²ğŸ†ğŸ€

""First Round Conferencia Oeste"":

#DenverNuggets | #MileHighBasketball ğŸ†š #RaisedByWolves |â€¦ https://t.co/bl7nIBpKLX",No location available.,0,0
MinnesotaTimberwolves,2023-04-15 04:35:03,#NBA The #MinnesotaTimberwolves also advance to the playoffs as the 8th seed in the west as they blow out theâ€¦ https://t.co/Qi6PlpY9rC,No location available.,0,0
MinnesotaTimberwolves,2023-04-15 04:30:28,"#NBA 2022-2023 ğŸ‡ºğŸ‡²ğŸ†ğŸ€

""Play-In Tournament"".
(Resultado Final):

#MinnesotaTimberwolves | #RaisedByWolves 120 - 95â€¦ https://t.co/ILIbtDjOFn",No location available.,0,0
MinnesotaTimberwolves,2023-04-15 04:28:50,Minnesota Timberwolves #minnesotatimberwolves #minnesota #nba #basketball #minnesotacheck #ballislifeğŸ€ #sports https://t.co/gBvtze11U1,No location available.,0,0
MinnesotaTimberwolves,2023-04-15 04:25:47,"The (8)Minnesota Timberwolves defeat and eliminate the (10)Oklahoma City Thunder 120-95.

The (8)Timberwolves willâ€¦ https://t.co/o5F8zrbD4a","Florida, USA, United States",0,-1
MinnesotaTimberwolves,2023-04-15 04:19:02,"Live From The Timberwolves Postgame!

#nba #minnesotatimberwolves #timberwolves #wolves #RaisedByWolves https://t.co/sn3ejHNGD0",No location available.,1,0
MinnesotaTimberwolves,2023-04-15 04:17:42,We live to see another day (series). Shock the world Wolves!! #RaisedByWolves  #MinnesotaTimberwolves @Timberwolves https://t.co/YuMrKdRrQS,"Festus, MO, United States",1,-1
MinnesotaTimberwolves,2023-04-15 04:08:10,Minnesota Timberwolves #minnesotatimberwolves #minnesota #nba #basketball #minnesotacheck #ballislifeğŸ€ #sports https://t.co/PZVFM3Takl,No location available.,0,0
MinnesotaTimberwolves,2023-04-15 04:03:53,Itâ€™s time to take the staters out this game the shit is over..especially for the timberwolves take them out the gamâ€¦ https://t.co/zvppkP2xO3,No location available.,0,1
MinnesotaTimberwolves,2023-04-15 03:57:33,"Idt Gobert and Towns is ever gonna work so who says no:

Trae, Murray and KAT

Edwards becomes clear #1 surroundedâ€¦ https://t.co/aQnWn13Qf0",No location available.,2,1
MinnesotaTimberwolves,2023-04-15 03:56:24,Just watching the clock countdown at this point #OKC #MinnesotaTimberwolves https://t.co/0B4nm0K336,No location available.,0,0
MinnesotaTimberwolves,2023-04-15 03:53:10,#MinnesotaTimberwolves estÃ¡n jugando espectacular! #NBAxESPN,No location available.,0,0
MinnesotaTimberwolves,2023-04-15 03:51:17,Now this is what i like to see #MinnesotaTimberwolves,No location available.,0,1
MinnesotaTimberwolves,2023-04-15 03:50:22,Goin out sad #OKC #MinnesotaTimberwolves,No location available.,0,-1
MinnesotaTimberwolves,2023-04-15 03:50:08,"Live or die by the 3-pointer, except that defense looks good too! #MinnesotaTimberwolves #NBAPlayoffs",No location available.,0,1
MinnesotaTimberwolves,2023-04-15 03:49:13,Okc thunder Time of death 848 pm PT. Congrats Timberwolves #NBAonTNT #nba #MinnesotaTimberwolves,No location available.,0,-1
MinnesotaTimberwolves,2023-04-15 03:38:57,"With that free throw airball-miss by Rudy Gobert, is it ""Rudy Gobert""?

 Or ""Rudy Go-Where"" ???

Sheesh

#nbaâ€¦ https://t.co/gdwV9n79DJ",No location available.,1,1
MinnesotaTimberwolves,2023-04-15 03:24:41,Hey! Did yâ€™all know that Shai Gilgeous-Alexander has a cousin heâ€™s playing against right now named Nickeil Alexandeâ€¦ https://t.co/BBndXUvkLE,No location available.,1,1
MinnesotaTimberwolves,2023-04-15 03:20:09,Ball security is non-existent for the Timberwolves. My goshâ€¦just hold on to the ball. #twolves #MinnesotaTimberwolves,"Festus, MO, United States",0,1
MinnesotaTimberwolves,2023-04-15 03:18:11,Shai out here looking like the Meek Mill album cover #OKCThunder #MinnesotaTimberwolves,No location available.,0,1
MinnesotaTimberwolves,2023-04-15 03:12:47,"SGA jus learned a valuable lesson tonight, wishing him a speedy recovery #NBAâ€¯â€¯â€¯ #OKCThunder #BasketballElimination #MinnesotaTimberwolves",No location available.,0,1
MinnesotaTimberwolves,2023-04-15 03:12:42,"@espn #MinnesotaTimberwolves #ESPN 
Gobert dropping bows on dem boys https://t.co/QbfqHN56pY",No location available.,0,0
MinnesotaTimberwolves,2023-04-15 03:07:28,"RT @AlaaAlarashi: Despite the outcome of the #OKCThunder vs #MinnesotaTimberwolves , can't help but notice how impressive the young Thunderâ€¦",No location available.,0,1
MinnesotaTimberwolves,2023-04-15 03:04:56,"Despite the outcome of the #OKCThunder vs #MinnesotaTimberwolves , can't help but notice how impressive the young Tâ€¦ https://t.co/VQKvyOqc6m",No location available.,1,1
MinnesotaTimberwolves,2023-04-15 02:45:43,Gobert worth 2 first rounder max #nba #MinnesotaTimberwolves,No location available.,0,1
MinnesotaTimberwolves,2023-04-15 02:35:32,@NBA needs an autocorrection process for obvious calls like the nfl has. #MinnesotaTimberwolves,No location available.,0,1
MinnesotaTimberwolves,2023-04-15 02:33:32,Minnesota Timberwolves #minnesotatimberwolves #minnesota #nba #basketball #minnesotacheck #ballislifeğŸ€ #sports https://t.co/GyKzjYurEq,No location available.,0,0
MinnesotaTimberwolves,2023-04-15 02:24:36,"VIDEO:  ""We Just Gotta Do The Work."" | Taurean Prince Shootaround Sound | 04.14.23

CREATOR: Minnesota Timberwolvesâ€¦ https://t.co/z6owK1SZRq",No location available.,0,0
MinnesotaTimberwolves,2023-04-15 02:23:20,"VIDEO:  ""We Expect The Execution To Be High-Level."" | Karl-Anthony Towns Shootaround Sound | 04.14.23

CREATOR: Minâ€¦ https://t.co/Yb8GkixVM6",No location available.,0,0
MinnesotaTimberwolves,2023-04-15 02:15:46,Chilling out here with the big boys! My goodness the gameğŸ’¯âœŒï¸  @CarolRadull you should be here!â€¦ https://t.co/3NNt1ac7Jh,"Minneapolis, MN, United States",0,1
MinnesotaTimberwolves,2023-04-15 02:08:41,"Duel de cousin entre
Nickeil Alexander-Walker vs Shai Gilgeous-Alexander

#MinnesotaTimberwolves 
#OklahomaCity",No location available.,1,0
MinnesotaTimberwolves,2023-04-15 01:57:57,"VIDEO:  Timberwolves vs Lakers highlights #nba

CREATOR: Macho Sports Flex 

LIKE IT - Support This NBA Creatorâ€¦ https://t.co/BknIFnKJqB",No location available.,0,1
MinnesotaTimberwolves,2023-04-15 01:56:21,"VIDEO:  Oklahoma City Thunder vs Minnesota Timberwolves 4/14/2023 FREE NBA Picks &amp; Prediction on NBA Betting

CREATâ€¦ https://t.co/1YniOOkWRQ",No location available.,0,1
MinnesotaTimberwolves,2023-04-15 01:48:27,ğŸºğŸºğŸºCOYW #timberwolves #wolves #MinnesotaTimberwolves,No location available.,0,0
MinnesotaTimberwolves,2023-04-15 01:39:53,"RT @DexWinSports: ğŸš¨OKC @ Minnesota ğŸš¨

#NBA #NBAPlayoffs

ğŸ”¥ Who do you got your bets on? ğŸ”¥ 

#GamblingTwitter #OKCThunder #MinnesotaTimberwoâ€¦",No location available.,0,0
MinnesotaTimberwolves,2023-04-15 01:22:55,"ğŸš¨OKC @ Minnesota ğŸš¨

#NBA #NBAPlayoffs

ğŸ”¥ Who do you got your bets on? ğŸ”¥ 

#GamblingTwitter #OKCThunderâ€¦ https://t.co/oyTMjscEqz",No location available.,2,0
MinnesotaTimberwolves,2023-04-15 01:19:46,"Rudy Gobert Apologized To Kyle Anderson For Punch, 'He's Still My Brother' . Anderson : Yeah that brotherly love puâ€¦ https://t.co/u8pWJtvoxQ",No location available.,0,1
MinnesotaTimberwolves,2023-04-15 01:08:49,"Jogos da NBA Play-IN Thunder x Timberwolves Linkao ğŸ€ğŸ€â›¹ï¸

#ThunderUp 

#Timberwolves 

#MinnesotaTimberwolves https://t.co/oK1jiCKC70",No location available.,0,0
MinnesotaTimberwolves,2023-04-15 00:54:12,RT @MadeonRidgeway: Made on Ridgeway #DailyBet #12 #NBA OKC Thunder Vs Minnesota Timberwolves #madeonridgeway #sports #podcast #basketballâ€¦,No location available.,0,0
MinnesotaTimberwolves,2023-04-15 00:48:06,"ã€NBAã€‘æ¸¡é‚Šé›„å¤ªã«ãƒ€ãƒ³ã‚¯ã—ãŸ19æ­³ ã‚¢ãƒ³ã‚½ãƒ‹ãƒ¼ã‚¨ãƒ‰ãƒ¯ãƒ¼ã‚ºã®æ‚²åŠ‡ã®é ...
 
https://t.co/bxnnZLFG81
 
#ï¼“ãƒã‚¤ãƒ³ãƒˆã®ç‹ #MinnesotaTimberwolves #YutaWatanabeâ€¦ https://t.co/rGoXPHiYl7",No location available.,0,0
MinnesotaTimberwolves,2023-04-15 00:46:53,Made on Ridgeway #DailyBet #12 #NBA OKC Thunder Vs Minnesota Timberwolves #madeonridgeway #sports #podcastâ€¦ https://t.co/N7ltw09rY4,No location available.,3,0
MinnesotaTimberwolves,2023-04-15 00:40:09,"é¸æ‰‹ã§ã‚‚ãªã„ã®ã«ã€å‹ãŸãªãã‚ƒã„ã‘ãªã„ã¨ã„ã†ãƒ—ãƒ¬ãƒƒã‚·ãƒ£ãƒ¼ã§å¯ã‚Œãªã‹ã£ãŸ
#MinnesotaTimberwolves https://t.co/RXbEX4ZzRU",No location available.,5,0
MinnesotaTimberwolves,2023-04-15 00:15:19,RT @lifewalletsport: Shai Gilgeous-Alexander and Josh Giddey combined for 63 points to lead the way for the #OKCThunder as they shocked theâ€¦,No location available.,0,-1
MinnesotaTimberwolves,2023-04-15 00:13:20,"My long shot ticket of the night. Part 1. +17526 odds for only 7 legs! 

Iâ€™m rooting for my Thunder duo!â€¦ https://t.co/E69lGGHEPT",No location available.,3,0
MinnesotaTimberwolves,2023-04-15 00:08:06,Rudy Gobert and Kyle Anderson fight ğŸ˜‚ #nbamemes #nbameme #rudygobert #kyleanderson #minnesotatimberwolvesâ€¦ https://t.co/Vq1gxbtyJQ,No location available.,2,-1
MinnesotaTimberwolves,2023-04-14 23:03:47,2023-04-14 : #NBA : #OklahomaCityThunder @ #MinnesotaTimberwolves Basketball Match Prediction :â€¦ https://t.co/TyiYYzNsCK,No location available.,0,0
MinnesotaTimberwolves,2023-04-14 23:00:16,"QUEM GANHAR ESTÃ NOS PLAYOFFS! ğŸ”¥
Quais times vÃ£o avanÃ§ar Ã  pÃ³s-temporada da #NBA? ğŸ€

#ChicagoBulls x #MiamiHeatâ€¦ https://t.co/jiU7JToo5V",No location available.,8,0
MinnesotaTimberwolves,2023-04-14 22:47:42,"Rudy Gobert breaks silence on Kyle Anderson beef
 #MinnesotaTimberwolves #OklahomaCityThunder #RudyGobert
https://t.co/TvEoEVVhSD",No location available.,0,0
MinnesotaTimberwolves,2023-04-14 22:37:45,"Rudy Gobert breaks silence on Kyle Anderson beef
 #MinnesotaTimberwolves #OklahomaCityThunder #RudyGobert
https://t.co/CEu7mBWjPy",No location available.,0,0
MinnesotaTimberwolves,2023-04-14 22:27:43,"Rudy Gobert breaks silence on Kyle Anderson beef
 #MinnesotaTimberwolves #OklahomaCityThunder #RudyGobert
https://t.co/nEdCDxgXan",No location available.,0,0
MinnesotaTimberwolves,2023-04-14 22:00:19,"RT @edrobinson82: On this edition of The Robinson Show, #JacksonLloyd @JacksonLloydNBA from #NBAActionwithJackson &amp; #RollCallSports. We disâ€¦",No location available.,0,0
MinnesotaTimberwolves,2023-04-14 22:00:02,"Ant Man with a big time block
#minnesotatimberwolves #bhfyp #sports #basketball #nba #philadelphia #ballislifeâ€¦ https://t.co/XjUoKDDAzE",No location available.,0,-1
MinnesotaTimberwolves,2023-04-14 21:47:40,"On this edition of The Robinson Show, #JacksonLloyd @JacksonLloydNBA from #NBAActionwithJackson &amp; #RollCallSports.â€¦ https://t.co/UQ0ocL3ASL",No location available.,1,0
MinnesotaTimberwolves,2023-04-14 21:44:49,"NBA ğŸ€
Play-in: Oklahoma at Minnesota, 6:30 pm
#nba #nbaplayin #minnesotatimberwolves #blueoxtavern https://t.co/xSsDzzv3yG","Las Vegas, NV, United States",1,0
MinnesotaTimberwolves,2023-04-14 21:03:53,OKC vs Minnesota Tonight! #nba #sports #basketball #playintournament #playoffs #okcthunder #minnesotatimberwolvesâ€¦ https://t.co/a8vWpirWqz,No location available.,1,0
MinnesotaTimberwolves,2023-04-14 20:48:35,"Karl-Anthony Towns joins Rudy Gobert on injury list for Thunder game
 #KarlAnthonyTowns #MinnesotaTimberwolvesâ€¦ https://t.co/fCN6Ru3L51",No location available.,0,-1
MinnesotaTimberwolves,2023-04-14 20:28:35,"Karl-Anthony Towns joins Rudy Gobert on injury list for Thunder game
 #KarlAnthonyTowns #MinnesotaTimberwolvesâ€¦ https://t.co/sGQSFIaoHj",No location available.,0,-1
MinnesotaTimberwolves,2023-04-14 20:10:47,"Beat Thunder, in 2023 NBA Playoffs for 3 reasons
 #MinnesotaTimberwolves #NBAPlayoffs #OklahomaCityThunder
https://t.co/bRsDPe4Ggq",No location available.,0,0
MinnesotaTimberwolves,2023-04-14 20:00:45,"Beat Thunder, in 2023 NBA Playoffs for 3 reasons
 #MinnesotaTimberwolves #NBAPlayoffs #OklahomaCityThunder
https://t.co/nQ83AcVkGu",No location available.,0,0
MinnesotaTimberwolves,2023-04-14 19:50:14,"Beat Thunder, in 2023 NBA Playoffs for 3 reasons
 #MinnesotaTimberwolves #NBAPlayoffs #OklahomaCityThunder
https://t.co/kUISr8XGvW",No location available.,0,0
MinnesotaTimberwolves,2023-04-14 19:31:50,"VIDEO:  UNDISPUTED - Shannon SHOCKED Lakers beat Timberwolves in overtime thriller

CREATOR: UNDISPUTED TODAY 

LIKâ€¦ https://t.co/4NhnhbP8Z6",No location available.,0,-1
MinnesotaTimberwolves,2023-04-14 19:31:17,"VIDEO:  THUNDER DEFENSIVE MISTAKES vs. TIMBERWOLVES | December 16, 2022

CREATOR: Film Session 

LIKE IT - Supportâ€¦ https://t.co/ev1psQ6Ucb",No location available.,0,1
MinnesotaTimberwolves,2023-04-14 18:54:00,Los #MinnesotaTimberwolves chocarÃ¡n este viernes frente a los #OKCThunder en el #NBAPlayInTournament por el Ãºltimoâ€¦ https://t.co/OkpVgBQBwn,No location available.,0,0
MinnesotaTimberwolves,2023-04-14 18:37:05,"Am I the only one whoâ€™s been mentally preparing themselves for the Timberwolves game tonight?

#nbaâ€¦ https://t.co/YmMuL74i4Q",No location available.,1,0
MinnesotaTimberwolves,2023-04-14 17:44:15,RT @OTNPodcast_: #nba #playin #losangeleslakers #minnesotatimberwolves #viral #podcast #otnpodcast https://t.co/w2I43V4iBN,No location available.,0,0
MinnesotaTimberwolves,2023-04-14 17:44:00,#nba #playin #losangeleslakers #minnesotatimberwolves #viral #podcast #otnpodcast https://t.co/w2I43V4iBN,No location available.,2,0
MinnesotaTimberwolves,2023-04-14 17:29:21,"2023 NBA Play-In game vs. Thunder predictions
 #MinnesotaTimberwolves #NBAPlayoffs #OklahomaCityThunder
https://t.co/E1ba5YDVjq",No location available.,0,0
MinnesotaTimberwolves,2023-04-14 16:27:48,MIAMI AND MINNESOTA ARE MY PICKS TO GET THE FINAL PLAYOFF SEEDSâ€!!!#2023NBAPlayoffs #MiamiHeat #MinnesotaTimberwolves,No location available.,0,0
MinnesotaTimberwolves,2023-04-14 15:36:50,Insider: Kyle Anderson had conversations with T-Wolves upon fracas with Rudy Gobert #KyleAndersonâ€¦ https://t.co/Hf5vO1xbsh,No location available.,0,0
MinnesotaTimberwolves,2023-04-14 14:45:37,"Why the Thunder will beat the Timberwolves to make NBA playoffs
 #MinnesotaTimberwolves #OklahomaCityThunder
https://t.co/bndfdLobQ3",No location available.,0,0
MinnesotaTimberwolves,2023-04-14 14:26:14,Hoy #NBA #NBATwitter torneo #playin #Playoffs #basketball #USA ğŸ€ğŸ‡ºğŸ‡¸#MiamiHeat #Heat #ChicagoBulls #BullsNationâ€¦ https://t.co/L7O6S6Xpdu,No location available.,0,0
MinnesotaTimberwolves,2023-04-14 14:25:51,"Why the Thunder will beat the Timberwolves to make NBA playoffs
 #MinnesotaTimberwolves #OklahomaCityThunder
https://t.co/CJufuW7qTO",No location available.,0,0
MinnesotaTimberwolves,2023-04-14 14:06:15,"#Towns asegura T-Wolves darÃ¡n todo esta noche

#Teleantillas #InformativosTA #MinnesotaTimberwolves #TWolves
https://t.co/z2LGnKTfnU",No location available.,0,0
MinnesotaTimberwolves,2023-04-14 12:26:55,"3 bold predictions for play-in tournament vs. Wolves
 #AnthonyEdwards #KarlAnthonyTowns #MinnesotaTimberwolvesâ€¦ https://t.co/hJNmCmiS5K",No location available.,0,1
MinnesotaTimberwolves,2023-04-14 12:22:06,"Complete 2022/23 #NBA season match up results 
 
https://t.co/wN8e22qKiR
 
#Basketball #Minneapolis #Minnesotaâ€¦ https://t.co/6bdcCafD4t",No location available.,0,0
MinnesotaTimberwolves,2023-04-14 12:19:21,"VIDEO:  ""It's About Making The Playoffs."" | Nickeil Alexander-Walker Practice Sound | 04.13.23

CREATOR: Minnesotaâ€¦ https://t.co/9JgpMhmRTu",No location available.,0,0
MinnesotaTimberwolves,2023-04-14 12:17:50,"VIDEO:  Minnesota Timberwolves vs Oklahoma City Thunder 4/14/23 NBA Free Picks &amp; Predictions | NBA Play In

CREATORâ€¦ https://t.co/67GD65uIEV",No location available.,0,1
MinnesotaTimberwolves,2023-04-14 12:05:59,"VIDEO:  This Disaster Keeps Getting Worse For The Minnesota Timberwolves

CREATOR: GETLIKECOOP 

LIKE IT - Supportâ€¦ https://t.co/6hODH8b7wD",No location available.,0,-1
MinnesotaTimberwolves,2023-04-14 12:05:14,"VIDEO:  ""We Gotta Play To The Strengths Of Our Best Players"" | Chris Finch Practice Sound | 04.13.23

CREATOR: Minnâ€¦ https://t.co/OtksKpp7b7",No location available.,0,1
MinnesotaTimberwolves,2023-04-14 12:04:35,"VIDEO:  Oklahoma City Thunder vs Minnesota Timberwolves : NBA Play In Prediction : April 14, 2023

CREATOR: Pasay Bâ€¦ https://t.co/UffT7pvSUS",No location available.,0,1
MinnesotaTimberwolves,2023-04-14 12:00:26,"VIDEO:  ""I Feel Great."" | Anthony Edwards Practice Sound | 04.13.23

CREATOR: Minnesota Timberwolves 

LIKE IT - Suâ€¦ https://t.co/AVwF9RUug2",No location available.,0,1
MinnesotaTimberwolves,2023-04-14 09:00:32,Minnesota Timberwolves vs Oklahoma City Thunder is on Sky Sport NBA Italia HD. With commentary from Alessandro Mamoâ€¦ https://t.co/G3qPgsAm1N,No location available.,0,0
MinnesotaTimberwolves,2023-04-14 08:23:04,"ã“ã®ç½å®³ã¯ãƒŸãƒã‚½ã‚¿ãƒ»ãƒ†ã‚£ãƒ³ãƒãƒ¼ã‚¦ãƒ«ãƒ–ã‚ºã«ã¨ã£ã¦æ‚ªåŒ–ã—ç¶šã‘ã¦ã„ã¾ã™
 
https://t.co/ZbuHiRz00i
 
#Espnãƒ•ã‚¡ãƒ¼ã‚¹ãƒˆãƒ†ã‚¤ã‚¯ #GETLIKECOOP #MinnesotaTimberwolvesâ€¦ https://t.co/TuaIooGmFD",No location available.,0,0
MinnesotaTimberwolves,2023-04-14 06:31:09,"Timberwolves' X-factor in play-in vs. Thunder, and it's not Rudy Gobert
 #MinnesotaTimberwolves #NBAPlayoffsâ€¦ https://t.co/iRhjPrfQr2",No location available.,0,0
MinnesotaTimberwolves,2023-04-14 01:58:49,"VIDEO:  Timberwolves' Chris Finch on Rudy Gobert PUNCH, Jaden McDaniels PUNCH

CREATOR: TJ Sports USA 

LIKE IT - Sâ€¦ https://t.co/0TzGPOlelE",No location available.,0,1
MinnesotaTimberwolves,2023-04-14 01:57:58,"VIDEO:  Timberwolves vs Lakers Recap: What Happened to DLo and Anthony Edwards?

CREATOR: Undrafted Views 

LIKE ITâ€¦ https://t.co/BLtPPzSsuR",No location available.,1,1
MinnesotaTimberwolves,2023-04-14 01:57:32,"VIDEO:  ""You Learn And You Move On."" | Rudy Gobert Practice Sound | 04.13.23

CREATOR: Minnesota Timberwolves 

LIKâ€¦ https://t.co/sR3PMH90P7",No location available.,0,0
MinnesotaTimberwolves,2023-04-14 01:56:43,"VIDEO:  Minnesota Timberwolves vs Los Angeles Lakers Full Highlights OverTime Apr 11 2023 NBA Play in

CREATOR: SLAâ€¦ https://t.co/BiECCEQAR7",No location available.,0,1
MinnesotaTimberwolves,2023-04-14 00:48:10,@IceyDLO D'Angelo Russell is a true baller and he's got his team's back all the way! The confidence from Darvin Hamâ€¦ https://t.co/LYQcq1SOtO,No location available.,0,1
MinnesotaTimberwolves,2023-04-13 23:42:45,"@IceyDLO D'Angelo is a baller! He showed us why we should have confidence in him. Keep proving them haters wrong, Dâ€¦ https://t.co/urkranTFwA",No location available.,0,-1
MinnesotaTimberwolves,2023-04-13 23:17:06,"ãƒ†ã‚£ãƒ³ãƒãƒ¼ã‚¦ãƒ«ãƒ–ã‚ºã«ã¯å¤±ã†ã‚‚ã®ã¯ä½•ã‚‚ã‚ã‚Šã¾ã›ã‚“ãŒã€ãƒ¬ã‚¤ã‚«ãƒ¼ã‚ºãŒå‹ã¤ã§ã— ...
 
https://t.co/akzTPHBUcd
 
#2023Nbaãƒ—ãƒ¬ãƒ¼ã‚ªãƒ• #ESPN #ESPNNBA #ESPNã®NBAâ€¦ https://t.co/uaAK0WzpP7",No location available.,1,0
MinnesotaTimberwolves,2023-04-13 23:13:20,"https://t.co/3lflddA9VP
The Disrespect! Lakers W vs Wolves 2023ğŸ˜³ğŸ¥¶ #lakers #wolves #lebron #disrespect #shortsâ€¦ https://t.co/JjqUb8Xocw",No location available.,0,-1
MinnesotaTimberwolves,2023-04-13 23:06:46,@baby_face_goat Can't wait to see Anthony Edwards rock the court! ğŸ€ğŸ”¥ #NBA #MinnesotaTimberwolves #RookieOfTheYear Check my bio plz,No location available.,0,1
MinnesotaTimberwolves,2023-04-13 23:00:06,"[Horton] Over the final 11 minutes of 4Q &amp; OT, Wolves missed 14 of 16 ... 
 
https://t.co/NhYzox19Du
 
#Basketballâ€¦ https://t.co/NKgryclJIN",No location available.,0,-1
MinnesotaTimberwolves,2023-04-13 21:33:12,"Props available for tomorrowâ€™s NBA slate includes total 3PM, largest lead, and total points

Who you got?

#bullsâ€¦ https://t.co/EGK9fngdON",No location available.,0,0
MinnesotaTimberwolves,2023-04-13 21:25:18,"Thunder-Timberwolves prediction, pick, how to watch
 #MinnesotaTimberwolves #NBAPlayoffs #OklahomaCityThunder
https://t.co/smwavkqy6C",No location available.,0,0
MinnesotaTimberwolves,2023-04-13 20:04:41,"RT @esportenaband: RESTAM DUAS VAGAS! ğŸ”¥
#ChicagoBulls, #MiamiHeat, #MinnesotaTimberwolves e #OKCThunder disputam as Ãºltimas duas vagas paraâ€¦",No location available.,0,0
MinnesotaTimberwolves,2023-04-13 19:45:07,@Twolves_Memes Anthony Edwards bringing the heat ğŸ”¥ Can't wait to see him dominate on the court and hear what he hasâ€¦ https://t.co/hUz2IJPGKA,No location available.,0,-1
MinnesotaTimberwolves,2023-04-13 19:40:39,"VIDEO:  LAKERS VS Timberwolves FULL HIGHLIGHTS PLAY IN TOURNAMENT

CREATOR: NBA 

LIKE IT - Support This NBA Creatoâ€¦ https://t.co/yaIWQn7bhn",No location available.,0,1
MinnesotaTimberwolves,2023-04-13 19:02:43,"VIDEO:  Los Angeles Lakers vs Minnesota Timberwolves Play-In Full Game Highlights | April 11, 2023 |

CREATOR: GAMEâ€¦ https://t.co/NHdLXgGYxC",No location available.,1,0
MinnesotaTimberwolves,2023-04-13 18:11:41,RT @lifewalletsport: Shai Gilgeous-Alexander and Josh Giddey combined for 63 points to lead the way for the #OKCThunder as they shocked theâ€¦,No location available.,0,-1
MinnesotaTimberwolves,2023-04-13 18:09:10,RT @lifewalletsport: Shai Gilgeous-Alexander and Josh Giddey combined for 63 points to lead the way for the #OKCThunder as they shocked theâ€¦,No location available.,0,-1
MinnesotaTimberwolves,2023-04-13 17:58:56,RT @lifewalletsport: Shai Gilgeous-Alexander and Josh Giddey combined for 63 points to lead the way for the #OKCThunder as they shocked theâ€¦,No location available.,0,-1
MinnesotaTimberwolves,2023-04-13 17:47:29,RT @lifewalletsport: Shai Gilgeous-Alexander and Josh Giddey combined for 63 points to lead the way for the #OKCThunder as they shocked theâ€¦,No location available.,0,-1
MinnesotaTimberwolves,2023-04-13 17:44:44,Shai Gilgeous-Alexander and Josh Giddey combined for 63 points to lead the way for the #OKCThunder as they shockedâ€¦ https://t.co/Ae1EhwQKrl,No location available.,5,0
MinnesotaTimberwolves,2023-04-13 15:38:01,Timberwolvesâ€™ Rudy Gobert Sent Home After Throwing Punch At Teammate Kyle Anderson .....Please follow to support...â€¦ https://t.co/9QfwuoCyga,No location available.,0,0
MinnesotaTimberwolves,2023-04-13 15:02:41,"RT @esportenaband: RESTAM DUAS VAGAS! ğŸ”¥
#ChicagoBulls, #MiamiHeat, #MinnesotaTimberwolves e #OKCThunder disputam as Ãºltimas duas vagas paraâ€¦",No location available.,0,0
MinnesotaTimberwolves,2023-04-13 15:01:59,"RT @esportenaband: RESTAM DUAS VAGAS! ğŸ”¥
#ChicagoBulls, #MiamiHeat, #MinnesotaTimberwolves e #OKCThunder disputam as Ãºltimas duas vagas paraâ€¦",No location available.,0,0
MinnesotaTimberwolves,2023-04-13 15:00:53,"RT @esportenaband: RESTAM DUAS VAGAS! ğŸ”¥
#ChicagoBulls, #MiamiHeat, #MinnesotaTimberwolves e #OKCThunder disputam as Ãºltimas duas vagas paraâ€¦",No location available.,0,0
MinnesotaTimberwolves,2023-04-13 14:59:01,"RT @esportenaband: RESTAM DUAS VAGAS! ğŸ”¥
#ChicagoBulls, #MiamiHeat, #MinnesotaTimberwolves e #OKCThunder disputam as Ãºltimas duas vagas paraâ€¦",No location available.,0,0
MinnesotaTimberwolves,2023-04-13 14:58:48,"RT @esportenaband: RESTAM DUAS VAGAS! ğŸ”¥
#ChicagoBulls, #MiamiHeat, #MinnesotaTimberwolves e #OKCThunder disputam as Ãºltimas duas vagas paraâ€¦",No location available.,0,0
MinnesotaTimberwolves,2023-04-13 14:58:34,"The competition in Western Conference is heating 
up, as #Timberwolves and the #Thunder battle it 
out for the 8ï¸âƒ£sâ€¦ https://t.co/ijIaVo6tMc",No location available.,0,-1
MinnesotaTimberwolves,2023-04-13 14:58:21,"RESTAM DUAS VAGAS! ğŸ”¥
#ChicagoBulls, #MiamiHeat, #MinnesotaTimberwolves e #OKCThunder disputam as Ãºltimas duas vagasâ€¦ https://t.co/lq0OjrmNaZ",No location available.,19,0
MinnesotaTimberwolves,2023-04-13 14:55:59,"NBA Playoffs 2023: Bracket, get started dates, TV occasions, and matchups for first spherical - 

#AtlantaHawksâ€¦ https://t.co/Li4pyDLHFj",No location available.,0,0
MinnesotaTimberwolves,2023-04-13 14:11:21,"Karl-Anthony Towns fouls vs Lakers has Chris Finch pissed
 #KarlAnthonyTowns #LeBronJames #losangeleslakersâ€¦ https://t.co/kbjKObdQXi",No location available.,0,-1
MinnesotaTimberwolves,2023-04-13 14:01:54,"Karl-Anthony Towns fouls vs Lakers has Chris Finch pissed
 #KarlAnthonyTowns #LeBronJames #losangeleslakersâ€¦ https://t.co/dyCX12yJ8Y",No location available.,0,-1
MinnesotaTimberwolves,2023-04-13 13:52:02,"Karl-Anthony Towns fouls vs Lakers has Chris Finch pissed
 #KarlAnthonyTowns #LeBronJames #losangeleslakersâ€¦ https://t.co/Nd5SpEVA8M",No location available.,0,-1
MinnesotaTimberwolves,2023-04-13 13:46:04,"ä»Šæ—¥ã®Antã®ã‚¤ãƒ³ã‚¹ã‚¿ã‚¹ãƒˆãƒ¼ãƒªãƒ¼
 
https://t.co/l2MiBBnz7Z
 
#MinnesotaTimberwolves #ãƒŸãƒã‚½ã‚¿ãƒ†ã‚£ãƒ³ãƒãƒ¼ã‚¦ãƒ«ãƒ–ã‚º https://t.co/3MLFuasfg6",No location available.,0,0
MinnesotaTimberwolves,2023-04-13 13:14:04,"RT @AidiBets: The #NBAPlayoffsâ€¯â€¯â€¯ are on Tonight!

#Atlanta hits the road to #Miami
&amp; #MinnesotaTimberwolves take on the #Lakers ğŸ€ â›¹ï¸â€â™‚ï¸

Hâ€¦",No location available.,0,0
MinnesotaTimberwolves,2023-04-13 12:29:56,"VIDEO:  Dray on Rudy Gobert punch, NBA play-in predictions, Warriors-Kings | Draymond Green Show

CREATOR: The Voluâ€¦ https://t.co/dYCPZNL7r9",No location available.,0,0
MinnesotaTimberwolves,2023-04-13 12:19:53,"VIDEO:  Poetry In Motion: Wolves WIN In Austin Over Spurs | Wolves Break Franchise Scoring Record

CREATOR: Minnesoâ€¦ https://t.co/yzo37XdamL",No location available.,0,1
MinnesotaTimberwolves,2023-04-13 12:13:26,"VIDEO:  Minnesota Timberwolves vs LA Lakers Full Highlights | April 11, 2023 | 22-23 NBA Play-In Tournament

CREATOâ€¦ https://t.co/rXW0gJthuJ",No location available.,0,0
MinnesotaTimberwolves,2023-04-13 12:12:55,"VIDEO:  Anthony Davis 24 pts 15 reb 4 ast vs Minnesota Timberwolves | 2023-04-11

CREATOR: Basketball Highlightsâ€¦ https://t.co/PDSxl2rRAQ",No location available.,0,0
MinnesotaTimberwolves,2023-04-13 12:12:27,"VIDEO:  LAKERS VS TIMBERWOLVES REACTION PLAY IN TOURNAMENT 2023 LAKERS VS TIMBERWOLVES HIGHLIGHTS REACTION

CREATORâ€¦ https://t.co/5eOjHWwCFJ",No location available.,0,1
MinnesotaTimberwolves,2023-04-13 12:12:25,"VIDEO:  Lakers vs Timberwolves Play In | Lakers Highlights

CREATOR: LakeShow Highlights 

LIKE IT - Support This Nâ€¦ https://t.co/7pMtTKeV1C",No location available.,0,1
MinnesotaTimberwolves,2023-04-13 12:11:54,"VIDEO:  Anthony Davis talks after Los Angeles Lakers beat Minnesota Timberwolves 108-102

CREATOR: NBA Interviewsâ€¦ https://t.co/7kF8BKYFyG",No location available.,0,0
MinnesotaTimberwolves,2023-04-13 12:11:05,"VIDEO:  Darvin Ham Postgame Interview | Los Angeles Lakers beat Minnesota Timberwolves 108-102

CREATOR: NBA Intervâ€¦ https://t.co/G4TsXwprUy",No location available.,0,0
MinnesotaTimberwolves,2023-04-13 12:10:59,"VIDEO:  Chris Finch Postgame Interview | Minnesota Timberwolves lose to Los Angeles Lakers 108-102

CREATOR: NBA Inâ€¦ https://t.co/hlmVmO2dnJ",No location available.,0,-1
